"","'Tal1'","'Dmbx1'","'Emx2'","'Uncx'","'Paxip1'","'Ctnnb1'","'Prdm1'","'Rybp'","'Nfkb2'","'Tfdp2'","'Grhl1'","'Sp8'","'Irf2'","'Zfp287'","'Esr2'","'Zfp128'","'Vav1'","'Sp1'","'Ppargc1b'","'Sp7'","'Pin1'","'Nfya'","'Vsx1'","'Klf1'","'Vsx2'","'Mybl1'","'Mybl2'","'Rnf2'","'Blzf1'","'Topors'","'Nr3c2'","'Nfia'","'Taf6l'","'Nr4a3'","'Hoxd12'","'Hoxd13'","'Ttf1'","'Sox9'","'Nr2e1'","'Polr2b'","'Hltf'","'Sox6'","'Pbx3'","'Sox5'","'Foxa1'","'Cdc5l'","'Cebpg'","'Ciita'","'Rest'","'Ets1'","'Mafk'","'Tbx15'","'Scml2'","'Myb'","'Clock'","'Rbpj'","'Foxc1'","'Zfp422'","'Pias3'","'Runx1'","'Ppara'","'Relb'","'Vdr'","'Cdc6'","'Arid3a'","'Lhx1'","'Hoxb8'","'Hoxb9'","'Hic1'","'Lhx6'","'Six4'","'Hoxb3'","'Zfp263'","'Cbfa2t3'","'Ehf'","'Nhlh1'","'Gata6'","'Gata4'","'Gata5'","'Lpp'","'Nfe2l3'","'Nfe2l2'","'Tmf1'","'Gli1'","'Tbx2'","'En1'","'En2'","'Hnf1a'","'Tbx4'","'Zfp423'","'Elf1'","'Foxb1'","'Elf2'","'Elf4'","'Mxd1'","'Wt1'","'Rfx4'","'Bhlhe41'","'Sox13'","'Taf4b'","'Rfx2'","'Sox17'","'Ahr'","'Sall4'","'Med14'","'Smyd1'","'Sall3'","'Arid2'","'Zfp64'","'Pgr'","'Trps1'","'Hoxa1'","'Bach2'","'Bach1'","'Notch3'","'Pknox1'","'Pknox2'","'Sin3a'","'Etv3'","'Smad9'","'Smad5'","'Alx1'","'Egf'","'Mn1'","'Nkx3-1'","'Rbak'","'Gabpa'","'Nfkbiz'","'Zscan21'","'Trp73'","'E2f7'","'Esrrg'","'Rbpjl'","'Nfatc4'","'Nr5a1'","'Neurod4'","'Esrrb'","'Tbx21'","'Rorc'","'Mitf'","'Pax7'","'Pax6'","'Pax1'","'Pax3'","'Pax2'","'Pax9'","'Zkscan17'","'Gfi1'","'Mzf1'","'Runx3'","'Smarca4'","'Foxd4'","'Foxd3'","'Creb1'","'Srebf1'","'Sox11'","'Gmeb2'","'Irx4'","'Pou3f2'","'Ikzf1'","'Tcf23'","'Mtf2'","'Npas3'","'Nfatc3'","'Nfil3'","'Phox2b'","'Plag1'","'E2f2'","'Ddx3x'","'Taf2'","'Pou4f1'","'Trim33'","'Tsc2'","'Lmx1a'","'Nr2f2'","'Eomes'","'Wwtr1'","'Foxo1'","'Ar'","'Zfp354a'","'Elk4'","'Foxo4'","'Sall1'","'Mycn'","'Maml3'","'Foxp3'","'Atm'","'Uaca'","'Tbr1'","'Pml'","'Lhx3'","'Atr'","'Zbtb33'","'Ptch1'","'Lhx5'","'Barhl1'","'Irx5'","'Tfap2b'","'Tfap2e'","'Rxra'","'Rxrb'","'Gli2'","'Gli3'","'Zic4'","'Zic5'","'Zic2'","'Zic3'","'Satb1'","'Onecut2'","'Foxn4'","'Mnat1'","'Foxn1'","'Dlx2'","'Vezf1'","'sncg'","'sst'","'th'","'vip'","'xdh'","'slc17a8'","'slc5a7'","'slc6a3'","'slc6a8'","'smad3'","'opalin'","'pdgfra'","'palvb'","'reln'","'slc17a7'","'lyve'","'mfge8'","'mog'","'myl14'","'ndnf'","'ctss'","'foxj1'","'gad1'","'htr3a'","'igtp'","'acta2'","'alldh1l1'","'camk2'","'chat'","'cldn5'","'ngef'","'tiam1'","'slc1a2'","'gja1'","'fbll1'"
"C1",3,11,13,5,15,51,20,18,8,14,8,30,4,5,23,17,6,0,3,16,6,12,1,10,2,4,9,11,4,13,4,10,5,8,10,10,8,3,4,15,2,21,5,23,6,11,13,7,2,12,5,8,23,16,9,25,13,13,5,14,7,10,16,8,8,4,10,4,1,25,15,13,8,18,0,10,19,4,11,9,2,8,15,5,7,6,16,16,2,26,8,6,6,12,21,14,13,37,4,19,5,13,23,5,5,7,7,7,6,17,12,6,14,22,21,12,7,5,14,12,16,25,16,24,15,15,20,11,9,15,10,13,16,19,0,11,2,24,3,8,20,6,9,5,21,12,2,12,3,22,29,2,9,16,7,15,13,12,19,19,10,9,11,20,8,0,10,3,27,14,25,12,3,14,8,15,18,31,24,10,21,13,18,13,18,25,11,6,15,0,9,2,5,10,20,21,25,0,13,13,11,0,13,17,13,21,15,17,13,20,33,15,7,15,19,40,41,9,46,11,19,19,4,31,17,41,39,12,37,13,15,24,46,15,12,42,39,35,22,8,20,26,20,12,10,22,27,7,28
"C2",3,9,14,21,9,20,9,3,4,3,4,20,5,7,8,6,9,0,4,26,16,7,7,19,13,5,3,12,7,10,23,22,3,9,17,4,0,1,8,11,1,0,9,13,2,2,18,3,3,1,4,1,9,7,9,6,7,6,3,19,7,15,1,8,4,6,19,4,6,4,0,5,10,5,1,11,4,3,0,8,0,9,4,3,6,6,1,9,3,17,12,3,12,1,8,4,10,12,0,13,4,17,11,1,8,16,5,10,4,2,3,20,1,9,13,20,4,11,14,1,2,5,0,11,6,8,18,5,5,0,2,3,3,5,8,15,4,16,4,4,6,20,2,11,6,4,4,21,7,6,13,1,11,15,10,14,7,11,1,9,7,5,6,5,12,13,5,22,13,11,3,15,6,5,8,5,28,6,15,9,12,14,13,6,15,8,12,2,0,0,5,3,8,23,13,14,11,1,8,7,4,7,8,2,12,12,11,4,12,8,24,10,10,6,7,3,23,8,28,8,10,8,11,9,13,25,10,16,16,2,13,5,20,8,13,23,7,19,11,9,12,23,14,9,8,8,22,11,20
"C3",17,1,2,3,10,58,3,13,20,19,22,5,5,5,12,14,4,3,10,6,11,12,7,9,7,4,7,1,2,6,26,30,11,25,9,4,19,2,15,28,16,8,14,11,15,21,10,14,6,3,6,5,9,4,21,9,22,7,15,22,14,13,3,6,7,2,19,4,13,10,8,21,10,21,9,9,11,2,11,10,9,7,13,6,2,1,9,7,9,9,13,3,4,12,20,12,6,5,8,14,23,11,6,11,21,5,11,19,11,3,12,12,1,18,7,13,2,11,0,13,8,9,8,7,10,14,8,9,9,1,1,20,7,0,7,6,11,12,6,3,7,2,10,17,9,5,6,22,8,5,41,3,8,12,4,14,5,8,3,0,11,12,13,14,5,11,10,3,21,10,3,33,22,25,13,16,9,17,14,22,14,7,20,2,2,5,10,10,10,8,18,0,12,9,17,15,12,10,5,20,12,5,25,11,11,13,9,12,12,16,11,1,3,24,33,0,44,8,45,6,20,14,3,22,5,41,26,15,56,12,21,19,34,19,2,29,15,29,20,27,17,36,19,12,8,20,22,4,25
"C4",20,4,9,5,13,67,17,18,26,19,12,20,4,9,8,4,6,24,6,6,8,11,15,12,14,5,18,2,10,1,28,20,9,33,10,8,15,10,3,10,10,4,13,20,13,4,20,9,13,9,10,12,14,14,19,29,14,22,15,15,6,10,10,22,14,9,16,7,6,9,8,11,7,16,2,5,16,2,15,12,4,10,20,3,5,17,8,21,12,17,10,6,6,2,37,7,11,9,2,8,17,8,25,22,27,17,14,7,8,12,3,18,6,23,9,16,4,11,27,11,12,9,2,16,12,15,20,10,5,7,2,15,12,9,8,8,23,8,11,18,14,6,2,7,12,2,5,21,12,17,22,9,10,28,1,17,7,20,10,13,9,16,3,22,10,2,5,8,19,23,9,1,6,10,8,15,17,46,8,9,6,23,5,8,7,19,31,11,14,0,5,12,18,5,14,10,3,5,12,38,7,13,11,9,21,10,12,7,12,7,10,16,16,25,35,2,43,7,32,10,25,22,10,22,15,35,30,18,75,9,16,21,33,28,11,41,20,27,23,19,15,34,25,25,10,32,35,6,31
"C5",6,0,0,4,7,11,8,7,3,4,1,3,1,0,8,4,10,0,7,8,4,1,0,2,6,5,11,0,4,0,3,5,0,10,12,1,12,12,0,0,0,10,3,5,0,9,0,5,6,6,5,9,6,6,0,8,3,0,4,7,6,4,7,4,0,0,7,0,4,10,7,2,5,1,2,5,0,8,0,2,7,1,7,0,0,2,0,4,1,11,1,8,1,0,5,0,8,4,0,0,0,0,5,5,2,0,8,1,0,1,0,0,3,3,5,3,0,9,5,2,2,2,1,3,1,4,2,6,6,0,0,1,8,1,10,16,1,6,0,0,0,0,1,7,3,1,0,2,1,4,7,9,0,2,0,1,0,2,2,0,0,5,0,0,0,3,6,6,5,1,7,0,10,4,0,9,0,7,2,3,0,14,2,1,14,5,0,1,0,0,15,0,4,1,3,8,6,0,3,6,3,2,11,19,4,13,2,4,3,8,3,1,0,2,1,36,13,4,10,3,6,6,3,11,8,11,5,17,9,1,3,8,6,4,6,15,14,12,8,1,8,10,11,8,4,10,7,1,4
"C6",1,8,13,9,6,43,6,11,5,5,13,18,12,6,10,1,12,3,6,5,8,8,7,4,7,6,3,3,6,13,29,6,10,8,4,0,12,5,8,5,11,2,1,19,8,10,6,2,3,10,3,3,5,27,5,25,3,7,13,1,0,2,3,20,6,8,11,9,3,7,8,5,2,5,10,8,9,3,0,5,2,3,7,8,1,5,2,11,5,16,13,1,9,4,12,12,8,2,13,6,12,4,10,33,18,5,7,5,5,5,0,7,4,9,6,9,3,0,4,16,7,2,7,15,15,12,5,1,2,11,5,24,1,8,9,5,9,2,3,6,8,8,18,1,12,7,3,16,6,19,26,7,12,12,0,6,5,2,5,1,6,4,7,8,5,4,6,4,4,5,12,24,10,8,0,10,8,15,13,12,4,6,7,4,11,17,9,7,10,2,2,5,9,29,21,3,16,0,2,20,9,3,4,33,9,12,5,14,2,7,10,2,13,3,11,7,37,9,32,5,12,18,14,14,9,19,27,19,61,5,16,18,22,22,11,30,22,18,17,6,15,22,13,11,6,15,18,2,20
"C7",10,6,4,4,10,51,3,21,21,17,10,15,4,8,7,7,3,16,6,5,9,15,11,6,18,10,10,11,5,1,13,20,7,13,0,6,5,4,6,7,5,10,3,38,5,15,6,13,5,5,0,7,5,14,12,8,10,3,5,5,5,6,15,7,6,7,13,5,11,14,6,11,2,17,0,6,6,6,3,15,17,16,16,3,6,10,8,2,5,28,12,4,7,3,12,16,11,0,3,21,22,12,2,15,10,8,10,0,9,4,4,6,9,21,11,7,3,10,1,3,9,13,8,10,1,2,11,5,10,16,5,17,7,6,2,10,7,13,8,9,8,4,3,3,2,15,6,3,10,13,19,4,8,13,9,13,11,4,22,2,9,8,0,6,11,0,5,7,15,18,12,22,21,1,13,0,9,9,29,14,3,5,8,0,7,9,6,19,2,4,4,0,4,6,11,10,10,7,14,12,9,3,5,18,8,12,5,3,13,1,14,4,1,14,34,2,33,18,34,11,29,19,9,17,15,42,32,9,66,8,22,24,31,19,19,39,15,32,21,14,11,27,12,20,12,18,25,6,25
"C8",24,9,2,1,7,37,1,4,4,3,4,0,6,2,6,4,7,3,4,10,7,1,1,9,7,5,12,4,9,1,15,9,7,17,6,0,1,6,0,7,2,12,2,5,8,19,12,5,4,15,4,7,3,16,7,15,0,1,0,7,4,9,4,1,5,7,18,15,0,8,7,0,7,11,5,1,8,4,1,6,3,10,9,6,0,2,17,16,4,15,9,5,6,3,7,4,9,15,0,11,3,6,3,16,9,9,1,8,0,23,11,7,6,14,22,7,1,7,10,12,7,3,0,16,3,12,17,6,6,10,3,16,7,13,0,1,1,19,1,2,15,7,1,3,6,7,12,7,13,4,3,3,8,3,2,9,5,7,10,5,11,4,2,12,6,2,9,1,5,16,11,6,4,21,1,3,5,4,8,11,2,0,0,11,12,5,5,4,1,4,18,3,4,5,13,2,7,8,1,2,3,1,0,2,3,7,6,2,7,7,7,2,7,15,14,27,31,7,41,8,26,20,7,22,11,27,29,17,45,7,16,21,31,14,9,35,16,14,21,8,4,28,8,8,9,17,10,4,15
"C9",0,6,0,1,0,23,7,8,8,4,1,0,0,3,2,1,7,1,12,2,0,8,9,1,3,0,4,0,3,10,6,11,0,14,1,2,0,0,8,4,0,11,1,11,9,9,8,1,3,10,9,0,5,0,18,5,0,1,2,14,1,1,0,3,10,1,8,5,7,0,21,0,0,8,0,0,4,0,0,0,16,4,1,2,1,1,3,1,3,24,2,10,3,4,8,2,0,19,0,7,10,1,4,1,4,5,0,12,5,7,3,7,7,7,2,3,2,10,7,1,6,3,5,0,0,0,5,6,7,3,13,0,0,5,6,1,3,5,5,2,5,1,0,2,1,0,0,0,1,4,5,2,5,4,0,2,4,0,5,0,4,0,0,7,11,0,2,3,5,3,13,16,5,5,8,10,5,7,2,5,12,0,1,12,2,12,6,4,3,0,8,0,1,8,9,2,6,0,7,4,0,0,2,2,2,5,3,1,4,0,1,4,3,12,21,5,16,6,29,4,14,8,6,12,8,13,7,12,25,5,13,10,18,16,2,23,12,11,9,11,12,14,9,11,4,12,20,5,13
"C10",12,23,14,14,16,47,6,18,8,11,12,11,1,5,15,13,10,14,6,12,15,16,6,2,4,7,2,8,2,4,12,25,9,6,9,9,9,7,9,36,7,9,6,16,11,5,2,9,11,13,10,10,20,20,18,3,8,22,1,22,7,3,7,8,5,1,14,17,7,2,17,10,15,1,23,5,1,1,13,6,9,1,26,7,8,5,6,2,3,28,13,9,13,5,8,8,24,5,1,6,14,17,11,11,5,8,0,13,10,8,11,2,13,4,15,4,9,28,9,11,17,12,6,15,8,13,27,2,9,6,4,5,1,16,5,13,0,19,13,17,15,7,7,9,3,10,27,8,12,22,18,16,7,9,8,12,1,9,9,7,7,0,30,16,4,9,11,2,30,12,19,22,10,22,3,7,9,8,17,22,6,8,6,7,17,19,12,2,13,15,20,11,10,10,20,12,19,14,13,7,2,1,34,2,6,11,4,3,34,7,6,16,14,6,28,0,41,17,36,11,25,19,11,33,18,43,24,13,44,7,34,22,34,22,12,29,26,37,17,12,20,38,20,24,10,18,41,30,23
"C11",1,3,4,2,9,19,4,12,16,10,4,8,0,4,1,8,6,13,1,5,12,7,6,9,9,6,3,2,8,12,8,3,2,14,8,4,12,7,3,9,20,3,4,15,7,8,7,1,4,7,0,7,7,5,19,5,8,6,5,10,12,8,12,3,10,4,10,2,2,7,13,3,3,21,10,5,4,1,16,13,7,13,9,1,4,7,7,4,6,16,15,10,6,2,5,9,9,3,1,12,7,4,4,0,24,13,7,11,12,6,3,5,0,19,14,13,8,4,4,1,3,0,7,10,4,20,7,0,11,5,19,10,7,3,2,15,1,1,3,10,3,12,4,8,12,23,6,6,6,5,9,6,6,7,15,5,3,1,2,3,1,9,3,5,9,6,1,1,2,9,3,0,16,22,13,5,9,6,4,6,7,9,13,14,24,11,6,1,0,7,8,2,2,7,11,4,23,0,5,10,8,16,3,9,8,12,6,10,0,3,19,2,2,6,18,3,26,10,38,6,18,12,12,27,9,18,22,14,37,4,11,5,8,11,7,17,34,28,21,18,13,20,14,13,6,12,12,5,21
"C12",8,6,11,3,8,34,3,15,2,15,3,8,4,6,17,16,15,11,5,12,4,0,4,7,10,5,5,10,8,17,17,10,5,11,4,2,2,14,6,8,0,15,11,16,9,5,1,1,2,8,6,5,14,11,20,10,4,0,1,3,4,4,4,9,6,3,5,10,5,15,14,10,9,24,6,0,15,6,4,7,8,6,7,1,7,6,13,6,0,13,11,4,11,7,12,2,6,8,6,10,3,7,21,6,10,3,4,8,1,3,7,4,9,13,3,13,9,11,8,8,22,5,11,6,6,3,2,11,14,10,6,7,5,12,2,0,13,15,11,3,7,1,5,9,19,4,0,6,14,18,9,1,3,8,2,5,4,3,1,3,1,5,11,8,11,6,14,15,4,10,6,4,6,6,10,5,6,3,15,12,9,10,11,16,3,13,0,7,5,10,17,2,1,23,5,8,4,8,19,18,4,5,10,7,0,12,0,3,2,8,5,2,5,18,18,1,33,12,18,6,25,11,4,17,13,20,20,10,39,6,23,14,16,12,9,27,15,28,16,9,18,27,16,8,13,18,25,12,20
"C13",11,7,5,10,10,18,10,11,3,19,3,3,8,9,16,14,4,4,6,15,14,5,1,9,6,3,11,14,14,10,15,15,0,6,10,0,8,7,6,9,8,3,2,4,8,10,17,9,11,2,3,4,7,9,21,11,16,9,5,0,5,9,10,11,4,5,2,6,0,14,13,15,3,12,4,7,6,9,14,13,3,10,12,5,5,14,14,15,2,9,8,8,1,6,4,9,10,3,1,21,14,14,12,3,5,13,4,13,0,9,5,8,0,1,5,5,5,8,2,5,5,4,8,28,8,12,16,6,13,2,11,2,2,1,4,3,6,9,9,6,7,20,1,4,15,4,6,4,5,12,13,10,0,17,19,5,0,3,7,0,15,3,10,17,8,7,10,5,14,18,9,6,21,4,3,15,4,15,19,15,7,9,8,1,7,8,5,6,4,0,10,6,6,11,30,2,10,6,14,6,10,16,6,6,12,19,8,14,4,6,13,1,5,0,19,2,20,12,35,6,19,14,14,20,6,29,12,18,40,10,18,21,26,17,6,26,9,19,23,4,12,33,10,17,16,15,33,5,25
"C14",11,33,9,7,22,40,19,35,13,24,22,24,15,17,16,11,16,15,12,20,5,21,24,14,22,10,16,4,9,17,57,8,14,27,13,8,14,4,21,23,15,7,2,18,5,24,2,1,5,17,14,13,15,20,42,30,6,13,7,12,5,34,16,10,12,18,6,26,39,12,12,18,17,14,16,15,11,8,17,17,10,19,10,5,12,20,9,7,11,18,9,10,16,20,30,21,22,7,9,5,30,11,13,13,45,38,22,14,7,13,16,22,9,12,4,27,8,17,6,18,7,18,15,14,24,14,31,11,12,8,13,6,20,16,19,19,15,27,13,11,3,26,9,2,19,46,0,13,20,11,30,11,5,19,11,12,4,8,9,8,19,16,8,11,15,21,16,11,28,15,10,26,33,19,7,26,17,56,25,14,13,20,6,13,27,7,18,9,21,20,20,6,35,46,18,28,15,15,18,31,16,10,16,11,19,21,20,30,12,16,17,9,21,15,43,6,61,26,53,11,35,28,15,44,12,61,38,31,87,5,20,24,34,24,24,35,26,44,33,19,37,52,39,16,14,29,31,7,45
"C15",0,2,2,7,1,32,13,6,7,2,2,3,7,2,6,4,8,7,0,6,9,0,8,11,6,0,2,3,2,10,5,8,0,13,10,5,7,7,5,7,7,1,6,4,2,0,4,6,0,9,4,7,9,12,6,6,5,5,7,18,12,11,18,0,1,0,15,6,11,7,6,0,0,0,9,9,7,0,4,7,7,2,5,3,7,10,0,4,3,14,13,3,15,5,10,1,5,6,5,11,4,7,10,7,8,3,4,1,3,5,3,12,6,3,1,2,9,7,0,5,17,9,2,0,9,8,2,0,9,5,13,5,4,6,0,0,2,18,2,0,4,6,1,7,2,5,1,17,8,7,6,0,3,4,0,3,2,2,9,3,2,7,8,2,11,4,1,10,20,1,0,14,0,4,4,7,7,7,8,10,5,11,3,4,17,8,5,0,4,0,15,0,7,9,5,7,10,3,8,12,0,5,5,0,1,10,8,7,2,0,11,7,11,5,5,0,22,3,23,6,15,16,5,12,14,15,16,16,12,2,8,8,12,11,7,19,8,17,15,5,18,23,6,27,7,20,16,4,13
"C16",14,8,9,21,18,36,5,25,6,7,17,3,1,9,6,16,22,0,12,15,11,2,10,15,7,7,1,2,24,0,20,24,10,31,7,0,10,11,0,23,11,11,0,11,7,16,5,12,15,12,24,3,5,14,30,16,10,5,16,19,2,13,18,4,25,10,11,8,10,8,19,11,10,8,4,14,8,6,1,10,15,5,10,10,12,14,6,4,4,13,14,15,9,12,14,8,10,0,8,3,25,5,13,7,10,8,6,21,15,10,12,4,14,19,15,13,14,6,9,8,19,17,13,15,4,22,12,3,28,11,12,18,14,12,21,16,2,11,7,11,15,8,11,11,12,10,2,5,5,12,24,8,20,9,10,8,8,1,21,5,9,3,3,17,11,5,8,9,22,24,10,24,19,17,8,9,18,6,36,36,5,8,6,22,21,10,6,16,2,1,16,3,6,2,15,13,21,16,18,4,16,14,33,12,11,24,9,7,19,23,1,8,12,20,23,8,47,12,36,9,23,22,18,27,10,27,38,24,49,4,26,26,44,33,15,37,22,43,30,13,39,18,19,18,20,24,16,7,17
"C17",14,8,21,16,16,55,24,28,9,7,6,16,7,4,19,11,6,10,22,19,2,12,10,5,14,2,18,22,19,21,15,12,2,13,12,11,25,14,11,1,8,9,5,12,8,18,16,1,4,23,11,12,5,7,25,9,8,0,25,26,7,23,11,27,3,8,12,16,11,20,14,17,12,6,22,18,8,15,1,10,8,11,13,10,3,10,9,11,19,4,15,5,24,11,5,10,18,3,3,17,12,13,1,17,8,9,18,14,5,2,9,9,12,20,15,13,11,16,15,0,9,22,8,19,12,9,18,8,21,7,2,3,6,24,14,10,11,6,4,10,15,7,9,7,17,15,8,8,17,5,21,5,3,6,0,26,5,8,26,16,9,7,3,10,14,16,12,12,13,16,8,13,29,16,13,7,29,11,12,12,11,22,15,8,21,31,6,19,13,12,31,2,20,1,25,9,5,6,11,21,18,2,11,27,32,11,10,19,19,21,7,8,15,11,16,4,39,24,44,22,16,24,19,21,10,29,38,14,22,13,21,31,27,24,15,34,22,28,27,11,24,48,14,19,14,24,29,8,26
"C18",8,4,23,18,16,35,5,5,3,4,16,6,5,10,6,22,6,10,11,9,22,14,5,10,14,13,9,15,8,8,23,20,14,16,5,14,8,8,14,12,8,22,3,17,6,32,9,4,18,8,30,12,3,8,17,35,12,15,6,9,22,2,11,3,12,3,3,15,6,10,16,15,10,9,23,12,14,11,7,0,23,1,15,5,14,1,14,7,5,16,4,4,15,7,3,9,4,11,2,16,9,6,26,7,22,16,5,6,7,11,8,12,16,7,7,7,7,17,12,19,11,8,12,27,11,12,9,13,15,11,14,14,26,11,8,3,6,7,5,11,15,3,0,3,19,11,8,11,8,19,37,10,4,25,13,16,2,5,13,9,2,8,11,10,14,5,8,17,14,22,9,7,4,14,12,12,1,18,15,17,16,1,15,8,16,24,12,9,14,16,9,6,4,3,22,7,6,15,7,8,21,3,12,6,10,11,11,6,9,16,21,9,8,3,24,6,61,17,31,11,25,19,16,33,17,38,34,30,43,9,23,25,41,31,16,40,16,40,28,22,27,30,22,11,13,25,16,2,25
"C19",23,8,15,11,24,49,28,17,11,4,17,6,8,10,22,2,5,8,8,9,24,23,13,18,2,16,11,4,8,8,14,11,12,21,16,3,14,3,7,19,8,11,15,20,11,18,4,7,16,10,17,14,14,3,26,10,2,19,15,13,10,22,16,17,14,9,8,16,6,8,9,12,5,11,7,12,5,15,7,4,14,26,14,8,5,7,13,5,21,23,14,16,14,12,5,12,2,6,7,11,14,14,26,13,24,5,10,19,14,16,3,15,14,26,9,5,13,16,8,26,29,15,14,13,2,9,18,11,28,2,20,14,23,14,11,6,16,14,17,17,9,13,10,16,15,19,3,15,6,10,25,5,10,12,8,16,13,7,20,1,11,3,5,24,8,10,17,13,25,17,19,22,24,16,14,12,13,13,10,14,23,15,14,14,6,5,9,10,15,2,9,9,7,17,8,11,13,7,18,17,16,7,25,3,7,9,6,8,8,14,17,17,3,17,47,11,53,15,58,11,33,23,14,38,12,38,34,37,58,9,21,31,29,30,10,37,15,47,23,15,40,32,30,27,6,24,22,4,43
"C20",17,9,20,9,22,85,14,32,15,32,19,20,7,17,17,19,24,25,12,22,21,25,10,28,14,10,11,4,23,10,36,13,6,27,0,2,15,14,17,18,7,29,9,40,3,17,18,20,29,28,13,23,18,8,33,9,7,21,30,12,18,36,5,24,27,10,10,21,12,28,23,21,19,11,16,17,10,15,14,19,3,13,22,9,5,13,8,5,10,32,14,5,8,6,22,11,14,10,8,12,25,24,26,1,26,8,7,24,14,15,17,18,26,20,1,23,1,24,12,19,29,28,8,14,6,14,19,26,25,8,10,24,12,10,21,9,10,22,7,12,4,9,11,8,23,21,3,17,14,10,53,7,18,15,9,2,11,27,25,8,16,13,40,20,3,15,25,3,14,24,12,37,11,15,11,27,18,49,18,15,19,12,13,15,12,25,12,9,2,20,10,23,24,37,23,14,17,26,11,16,17,8,13,8,16,21,6,16,10,11,34,10,7,31,55,2,62,19,52,15,55,29,25,33,16,55,43,37,94,6,25,3,22,19,25,51,27,44,34,29,39,39,41,21,14,24,25,10,40
"C21",24,9,10,19,17,49,30,29,10,7,17,18,16,7,7,7,7,10,16,17,34,14,11,14,18,6,9,11,12,10,76,15,9,25,13,5,5,9,3,14,27,11,14,16,10,13,14,1,8,12,8,3,7,3,17,24,3,3,22,1,0,18,15,4,11,3,13,12,16,7,9,18,12,11,11,11,11,12,19,21,27,2,9,5,2,11,18,9,21,8,7,6,12,11,9,2,9,9,15,5,18,8,8,17,19,25,2,17,3,12,12,14,13,13,13,21,10,16,4,22,11,9,7,24,11,23,9,7,5,20,15,8,17,9,9,5,8,8,13,20,8,11,9,19,4,5,20,15,18,16,17,5,7,8,12,9,0,5,25,2,5,6,22,10,15,24,10,3,13,13,16,13,26,1,18,0,15,28,21,20,10,9,5,27,40,18,7,11,41,24,19,19,23,25,4,10,13,22,9,15,7,10,4,10,18,12,12,10,13,3,11,14,5,21,29,2,51,19,53,12,28,14,17,41,7,34,35,25,96,11,18,5,17,14,17,27,15,32,41,15,26,36,22,19,11,18,18,11,26
"C22",23,12,27,30,37,107,24,45,17,42,27,23,11,15,40,21,32,24,30,27,26,21,17,36,20,22,14,4,29,51,43,27,12,25,22,18,34,34,13,20,15,35,15,47,25,15,37,16,6,25,17,14,5,14,40,54,21,18,30,16,13,31,21,15,11,17,31,17,13,29,29,27,26,21,9,17,28,20,9,20,29,35,41,14,5,13,12,17,16,57,24,10,20,9,26,26,30,14,22,8,35,14,20,61,29,13,20,22,28,19,32,8,17,25,15,34,13,19,23,45,30,32,10,38,26,28,3,8,35,17,21,39,26,26,25,5,13,20,22,25,13,6,19,37,24,35,26,32,25,24,44,12,29,19,10,7,9,9,18,12,12,4,21,20,15,13,34,15,29,52,15,30,37,20,9,22,23,72,34,34,24,13,17,13,12,20,34,17,30,13,16,13,29,30,18,18,15,21,17,15,26,26,25,18,15,29,28,17,13,35,31,27,8,14,47,7,92,30,71,22,50,42,33,63,35,55,54,41,95,12,32,27,37,29,24,68,28,47,38,30,58,75,49,37,26,43,40,12,52
"C23",22,9,11,6,26,72,14,28,15,9,19,7,11,14,20,7,13,18,7,42,10,31,24,32,36,26,16,10,17,15,28,22,14,38,31,17,11,3,19,29,13,19,20,19,8,15,24,4,15,26,33,11,15,22,51,27,3,15,24,11,4,21,30,20,17,7,11,13,10,8,16,29,17,20,19,6,17,6,12,11,28,17,8,10,4,22,8,9,8,16,8,2,14,11,24,6,6,3,15,15,32,5,16,7,47,14,14,15,28,22,26,27,18,36,3,31,11,33,7,12,12,33,11,23,9,7,11,12,12,13,23,24,8,22,26,13,7,13,19,8,10,29,13,13,23,7,3,17,13,0,30,20,6,17,15,13,11,20,19,6,9,4,17,10,24,21,11,11,13,18,6,35,16,19,22,15,17,13,29,26,8,7,11,17,37,30,13,27,8,15,21,19,44,36,35,8,17,16,11,25,14,10,10,27,18,26,25,2,19,19,9,8,13,40,39,5,62,26,77,14,32,30,10,65,12,45,49,36,94,5,20,13,30,22,19,49,22,35,25,29,36,40,32,32,9,26,42,14,48
"C24",9,12,26,9,14,55,8,18,9,16,17,12,12,21,9,14,26,13,6,24,33,11,14,10,9,6,9,14,16,32,32,22,6,26,5,8,18,11,12,34,16,20,6,22,11,15,6,34,14,15,32,10,9,13,21,21,5,16,42,9,10,28,17,19,22,4,21,13,15,25,20,18,18,22,23,4,20,5,6,3,11,8,11,9,11,24,8,21,10,31,26,16,14,9,18,9,26,16,15,13,18,26,22,22,42,21,18,16,18,16,15,7,8,17,18,15,10,25,13,8,14,29,21,25,3,16,6,1,21,11,10,13,16,17,29,18,12,15,14,9,7,3,11,24,14,21,16,40,8,13,29,17,14,19,14,16,14,10,8,4,9,15,5,11,18,20,20,24,10,33,11,23,20,24,1,7,14,35,24,19,23,9,28,22,12,6,15,8,7,10,13,3,14,31,25,2,26,12,15,25,17,14,17,4,9,7,6,9,23,8,17,29,14,21,35,7,56,22,49,14,36,30,14,56,14,39,43,31,69,24,45,37,47,45,7,39,29,51,37,18,38,54,26,26,6,27,23,14,27
"C25",18,6,18,4,22,45,8,28,16,11,11,6,5,38,11,11,11,19,3,4,10,3,10,1,9,10,9,18,14,6,26,4,9,11,0,4,2,14,16,24,13,14,9,18,9,11,11,6,11,15,15,11,16,6,10,6,15,9,21,19,17,8,7,12,15,12,14,12,17,21,14,20,13,16,21,10,11,6,8,6,14,10,24,3,13,8,3,4,17,25,17,11,26,14,7,16,17,9,5,3,32,13,9,16,6,20,10,14,11,11,7,20,10,6,16,5,6,15,15,17,16,20,18,11,26,6,19,11,21,17,10,6,5,4,6,6,0,6,7,10,10,13,12,6,14,21,2,10,18,15,24,23,10,9,5,5,12,17,9,3,9,10,9,19,3,12,10,8,9,35,7,9,11,8,8,16,11,19,11,15,15,14,15,21,5,9,24,4,3,13,15,17,8,15,12,4,5,10,6,15,10,15,29,3,14,15,10,1,7,6,8,16,8,7,33,2,48,15,33,9,29,20,21,25,6,33,21,32,26,11,44,17,40,31,12,39,16,37,30,11,36,37,28,20,9,26,13,5,21
"C26",17,0,11,12,25,54,16,30,10,12,9,12,9,21,24,11,5,18,13,12,15,17,19,8,12,0,10,6,22,12,35,16,7,17,4,6,15,8,5,4,5,27,6,7,8,21,13,7,0,10,31,15,6,7,20,14,2,6,17,11,19,16,5,11,8,6,13,18,10,11,24,15,5,14,3,27,22,9,9,6,16,16,16,11,7,9,23,6,6,36,9,25,14,6,16,8,23,22,8,12,13,18,23,17,32,11,3,19,14,21,12,12,16,15,12,4,10,28,5,1,20,17,8,17,15,8,19,4,24,12,15,1,16,23,16,3,9,23,13,11,7,15,13,17,23,23,21,12,5,6,18,2,23,10,2,12,23,4,16,13,9,6,20,12,10,13,16,5,10,30,11,23,21,13,14,26,13,9,26,24,22,2,10,26,14,28,6,13,19,28,9,4,7,8,21,16,6,18,14,12,23,6,16,12,10,29,6,9,4,8,3,14,12,17,38,6,64,24,52,15,35,26,20,44,19,58,46,42,49,9,30,25,33,33,19,53,25,43,36,18,41,52,45,28,10,23,20,5,33
"C27",22,7,17,5,12,20,12,6,7,20,6,5,10,9,22,7,10,4,14,15,18,18,10,7,2,16,14,5,14,11,22,22,6,23,15,3,11,6,6,9,10,29,11,24,10,12,5,2,1,30,29,1,7,13,20,9,10,4,18,17,7,5,12,9,11,0,7,5,17,14,11,16,9,20,13,12,10,3,3,9,11,5,14,0,13,9,2,10,16,25,11,22,15,5,8,3,18,4,15,10,15,3,7,23,9,6,10,12,19,11,1,10,20,23,10,1,10,17,9,8,15,13,10,8,13,19,4,2,38,1,9,3,8,13,14,9,16,15,9,5,11,6,3,20,7,16,10,9,13,14,25,7,4,6,2,6,8,7,14,9,0,2,16,10,4,5,14,12,13,8,11,23,26,5,0,7,15,18,16,5,15,12,22,10,13,27,5,10,9,19,2,6,10,33,7,10,25,2,7,22,16,2,23,27,15,5,17,3,20,13,6,11,4,32,10,4,39,19,24,9,20,13,15,13,12,43,28,15,30,3,13,13,14,10,13,34,17,28,17,9,19,25,18,11,7,18,17,5,25
"C28",21,2,5,6,6,13,1,11,3,1,10,12,4,9,4,8,13,6,10,4,11,13,18,15,1,4,7,1,10,20,10,8,0,6,9,2,8,7,5,3,4,3,6,15,1,15,7,1,1,16,10,4,5,18,9,19,18,14,8,9,5,9,15,5,6,1,11,17,20,14,22,7,7,21,7,25,20,6,9,4,7,2,0,1,3,1,0,0,1,11,0,8,6,5,3,4,7,6,8,3,7,11,15,9,6,8,1,16,11,21,6,2,10,3,16,8,6,1,11,4,7,11,11,3,5,14,5,14,16,3,4,9,5,6,2,2,3,18,6,11,14,17,10,8,6,10,3,21,3,5,14,3,5,3,8,3,5,12,7,1,2,5,12,2,2,5,8,4,16,12,7,9,9,9,12,6,12,25,8,16,8,15,7,17,12,13,3,20,18,14,4,3,7,30,10,5,3,8,9,8,5,3,15,0,5,8,6,4,6,1,15,4,7,6,8,1,20,4,19,8,15,9,5,5,4,18,16,14,19,5,27,12,22,12,2,10,9,12,13,6,10,17,9,32,8,16,15,2,13
"C29",8,3,20,14,23,12,21,20,13,6,24,16,2,7,0,4,14,7,11,36,2,8,8,14,15,11,7,1,21,15,16,11,6,13,12,19,2,9,10,18,7,13,13,28,15,19,11,20,5,10,25,11,8,21,24,13,11,11,8,13,14,8,2,17,14,5,2,20,10,9,6,17,10,7,13,8,18,11,9,9,21,6,23,4,5,6,6,2,7,14,14,8,13,13,16,3,2,5,7,18,13,14,23,9,24,9,8,4,6,23,24,10,19,11,14,18,14,9,7,11,9,6,15,24,17,25,14,9,21,10,2,5,13,24,15,16,13,7,7,22,9,11,19,7,26,13,19,6,5,9,21,15,1,14,11,26,10,5,11,20,4,10,9,21,4,5,20,10,19,19,11,0,13,10,8,10,6,9,15,8,11,3,2,16,22,15,14,1,12,17,10,17,10,19,24,2,10,3,10,17,14,22,13,19,13,8,11,6,7,7,9,14,2,6,32,9,47,11,38,8,33,16,11,35,18,30,27,27,47,3,13,6,13,12,9,43,20,47,30,14,30,27,23,20,10,17,11,7,33
"C30",22,8,16,5,33,43,8,14,23,26,31,14,14,5,13,5,8,9,31,9,19,24,12,5,14,11,14,10,12,14,23,20,13,30,12,3,16,9,10,21,7,17,22,11,6,10,24,12,10,8,22,18,18,7,26,19,13,7,10,9,7,8,6,41,18,7,15,19,25,9,15,20,13,23,37,11,18,5,5,18,18,16,24,23,13,13,10,13,16,13,12,15,23,12,18,14,13,22,1,5,4,12,26,23,31,18,11,37,21,24,10,9,12,30,19,14,17,23,10,20,16,9,13,31,19,11,2,1,27,18,20,24,16,8,17,16,7,24,11,3,5,16,12,17,10,8,24,27,5,11,39,4,21,8,10,7,16,24,22,14,3,7,17,5,19,15,14,10,5,13,8,47,35,3,15,6,14,16,30,13,25,15,14,15,30,12,27,13,14,13,7,11,15,50,16,21,11,11,13,9,9,27,23,19,17,21,12,13,18,7,14,13,15,19,27,8,60,25,45,18,30,25,21,37,9,45,35,38,63,1,33,6,17,16,23,42,34,62,30,10,36,29,33,27,16,21,26,11,31
"C31",8,8,8,20,6,57,17,30,17,12,15,7,13,16,9,13,4,5,7,8,21,14,10,11,5,12,6,6,1,10,3,20,8,7,4,9,2,7,1,16,8,23,8,21,12,3,12,7,26,18,8,15,12,8,20,12,13,21,19,20,5,16,5,6,7,11,17,15,7,5,23,35,18,17,6,15,7,8,8,11,9,12,11,5,7,14,11,10,10,13,3,9,9,18,12,6,22,15,4,17,7,8,8,15,12,6,14,13,10,8,10,14,6,2,12,10,7,23,11,7,1,7,4,8,9,14,15,3,7,8,20,10,8,11,8,14,10,21,3,3,14,4,6,10,9,12,8,9,7,9,5,15,12,12,13,20,1,5,14,11,13,5,12,12,5,8,6,12,17,10,16,10,20,2,19,10,27,15,2,13,13,10,20,6,16,15,4,6,6,12,9,5,6,24,14,3,2,9,10,16,6,13,18,18,5,8,12,18,8,22,14,9,6,17,22,0,31,17,36,10,26,18,9,28,14,31,40,29,31,10,38,27,26,26,12,32,21,39,13,20,34,38,20,54,13,20,31,11,22
"C32",11,6,17,9,27,44,18,25,2,11,15,16,12,15,7,10,14,13,10,20,10,15,8,13,14,6,7,7,13,14,18,20,13,15,10,19,12,11,29,17,18,5,8,18,14,23,18,22,21,7,10,13,7,22,9,18,4,5,4,19,21,12,16,26,18,10,10,22,16,10,11,13,6,11,16,7,11,14,8,18,22,21,22,20,8,8,13,9,17,10,0,9,10,11,23,20,14,20,9,12,10,16,6,14,17,19,11,37,9,5,12,16,14,16,9,22,11,8,7,12,11,17,11,3,6,6,11,14,19,14,14,19,9,17,12,6,3,8,10,11,6,9,7,26,13,6,9,11,3,12,53,12,22,10,5,25,9,9,16,26,9,14,28,28,4,6,7,17,28,17,7,26,33,8,18,17,12,19,36,31,14,14,23,5,14,17,23,6,2,12,9,13,21,19,22,9,25,6,14,13,5,14,13,18,18,8,15,10,5,5,23,31,12,20,41,9,61,16,56,12,34,21,16,37,13,55,28,31,45,16,32,27,50,33,15,47,49,76,39,24,35,43,21,27,17,35,37,8,28
"C33",6,12,13,11,27,21,7,11,13,9,22,9,9,5,7,6,19,5,22,7,16,3,4,12,18,4,10,17,18,11,14,6,9,11,4,8,12,5,2,17,13,15,14,25,16,3,12,12,9,19,3,6,16,12,10,14,14,4,23,10,7,22,5,15,6,6,2,2,7,3,16,21,14,16,8,5,7,10,4,7,11,11,21,4,11,3,4,10,5,10,12,4,19,1,7,4,7,13,8,2,19,3,8,5,17,14,17,21,12,13,0,8,15,18,10,12,10,11,15,20,8,19,4,12,11,2,2,7,24,6,13,20,13,3,8,17,2,26,6,10,16,10,19,16,16,20,11,21,14,9,39,16,3,4,3,17,1,10,4,23,5,0,4,19,15,1,3,10,10,10,8,10,16,17,8,14,22,30,25,7,10,16,16,13,15,6,14,11,12,11,9,5,9,27,19,11,21,13,10,18,8,3,11,19,12,17,15,6,12,15,17,18,7,11,14,0,30,14,35,13,20,11,7,18,7,28,28,10,43,5,9,14,23,16,20,34,8,24,14,5,15,14,17,9,7,18,14,0,20
"C34",11,2,5,23,14,46,10,19,12,12,35,19,26,19,19,13,12,8,19,23,22,7,17,21,13,15,24,17,10,23,38,26,7,26,14,11,26,2,14,25,11,30,13,22,13,11,29,6,20,13,15,9,22,0,31,26,14,25,36,21,15,23,18,22,9,12,11,2,13,18,15,12,14,16,22,24,10,15,11,25,20,8,18,17,7,13,11,7,7,24,25,15,6,6,10,9,25,23,19,8,24,27,13,9,19,7,16,18,12,13,16,8,27,7,7,33,18,13,24,17,22,12,13,12,12,22,11,23,35,8,8,17,16,9,8,15,24,9,9,14,25,10,10,18,5,35,12,24,8,18,27,5,9,22,5,29,11,12,20,9,11,11,4,11,15,5,22,25,16,16,12,16,29,13,2,15,23,14,16,18,12,19,9,14,16,24,19,13,16,4,11,14,20,32,31,27,25,9,19,17,16,16,28,23,6,16,22,9,15,22,21,26,10,18,36,7,72,24,56,12,33,21,18,37,13,53,34,29,42,7,23,21,37,26,14,52,35,51,34,21,39,32,41,26,13,23,19,10,29
"C35",2,6,15,6,5,36,0,9,3,11,4,14,7,6,7,0,3,0,0,2,3,8,12,6,6,4,1,0,3,11,7,11,12,1,0,2,1,2,11,6,0,16,5,9,4,2,4,4,2,7,12,0,2,0,0,4,5,4,6,2,3,12,5,0,0,5,9,2,7,6,9,12,5,4,0,5,2,3,5,2,3,6,3,3,2,1,0,0,0,0,6,3,1,12,1,5,3,0,9,0,1,2,2,16,0,15,5,6,2,2,5,12,6,7,5,9,2,13,8,3,9,3,8,0,3,7,1,2,12,3,12,0,4,8,2,6,6,14,1,3,8,4,6,9,5,2,1,1,5,0,20,5,1,5,4,6,8,3,5,0,0,5,4,6,3,5,6,3,4,3,1,0,2,10,1,20,6,8,4,13,0,5,5,10,4,2,2,1,9,1,3,0,12,6,9,1,1,8,3,6,4,3,6,8,5,0,8,10,9,4,6,4,0,7,5,0,19,4,10,4,11,6,3,17,5,17,11,6,12,4,6,5,16,7,9,11,10,18,5,11,11,11,4,28,4,10,13,2,14
"C36",11,6,20,10,9,40,10,28,14,19,22,16,9,21,4,3,23,9,13,27,21,22,14,15,17,18,7,21,10,25,46,19,10,35,4,7,31,18,15,42,4,15,9,14,14,27,8,11,12,9,19,8,23,15,18,20,9,16,14,4,14,8,16,6,9,11,25,21,14,17,21,24,14,9,36,9,23,24,8,13,12,4,22,4,8,20,12,6,9,12,4,12,19,16,17,11,3,9,5,8,10,2,18,9,29,15,5,10,26,19,13,10,21,19,8,23,4,29,18,10,22,22,9,16,12,13,29,10,25,5,14,14,14,17,19,8,20,5,7,9,7,25,13,18,14,25,24,21,33,17,11,14,10,13,16,22,4,10,18,17,7,4,10,30,10,11,11,16,18,16,14,18,17,19,11,15,8,35,11,30,21,13,5,9,20,11,23,11,13,7,13,6,15,8,27,10,15,19,18,22,7,9,20,2,8,17,20,10,22,18,18,12,9,18,34,0,53,14,45,19,45,26,26,34,10,49,34,31,77,10,29,23,44,24,21,49,21,47,30,15,40,37,33,22,14,35,21,7,38
"C37",5,4,7,12,5,29,8,6,4,17,7,10,5,11,10,5,9,12,11,9,3,7,20,4,5,6,2,5,14,4,12,4,18,19,4,7,1,7,0,8,6,11,12,2,1,5,10,7,8,11,13,11,5,0,9,14,12,7,13,0,7,12,6,5,8,7,6,10,5,7,17,3,12,17,1,9,7,4,4,1,3,12,11,2,13,5,0,3,1,11,9,7,3,3,7,1,22,16,9,9,4,7,23,5,7,13,2,6,13,9,10,8,12,8,0,13,2,0,18,1,11,11,5,7,7,5,13,5,7,5,7,16,4,4,11,1,3,12,3,7,3,2,6,7,11,2,6,11,7,7,14,2,6,5,10,4,8,1,7,4,0,5,1,0,11,8,3,1,12,5,0,6,4,8,10,12,6,0,4,2,10,2,8,12,10,8,12,3,6,3,7,8,3,14,5,6,17,2,10,15,1,9,6,9,7,7,7,9,17,10,6,3,0,18,18,1,28,9,18,4,16,9,6,14,5,28,12,11,18,11,24,14,8,6,9,18,15,23,15,5,25,18,14,9,2,17,17,6,20
"C38",33,13,29,37,30,34,30,33,16,20,24,14,16,29,29,9,28,31,15,24,34,39,17,20,15,13,18,14,21,31,34,25,29,49,30,16,37,13,16,32,27,29,17,46,12,36,14,15,25,27,12,13,16,24,29,29,8,23,24,11,20,20,17,17,8,8,6,16,13,33,45,11,13,17,17,15,36,6,13,17,11,22,31,7,16,28,11,13,8,25,17,23,14,6,9,16,35,7,3,9,13,18,29,29,26,17,7,25,27,17,18,14,34,13,4,20,17,16,35,38,15,23,16,38,10,18,20,5,50,19,22,29,18,28,39,16,15,28,17,14,6,7,7,28,16,30,24,26,8,14,49,5,22,23,20,13,7,28,21,17,14,23,18,22,31,16,11,41,37,43,12,20,26,36,29,27,19,38,27,10,16,6,12,16,29,17,35,3,15,22,12,9,11,25,40,17,15,19,17,12,13,15,15,12,13,21,33,4,25,23,19,11,13,49,41,11,88,17,64,18,42,30,34,51,18,58,49,41,85,7,20,14,18,27,20,67,29,49,37,22,46,49,49,24,15,37,30,13,45
"C39",6,5,18,17,19,49,23,21,15,13,7,19,9,41,5,2,7,23,13,11,12,6,8,24,17,10,22,5,13,4,14,17,16,18,20,6,9,26,14,6,30,8,12,20,21,24,20,19,18,29,11,6,7,6,6,9,15,23,18,9,16,16,24,14,12,14,6,15,10,29,21,11,2,15,24,7,12,11,28,3,8,15,18,14,14,11,16,5,10,14,17,23,13,9,11,14,11,6,13,6,19,15,10,14,24,25,8,13,13,19,12,11,14,20,21,22,7,24,23,25,19,17,17,9,6,0,17,2,28,17,21,13,17,11,12,3,3,18,3,7,16,13,8,21,7,11,2,11,15,14,15,24,8,0,7,13,12,11,22,15,12,16,25,20,9,10,14,4,9,19,13,28,13,18,12,8,36,6,22,18,9,22,8,15,17,25,20,19,9,15,11,15,8,11,31,6,11,23,17,38,9,7,18,2,16,7,15,13,7,4,13,8,7,18,25,76,59,15,57,14,32,30,11,35,16,36,45,28,30,10,29,25,36,35,17,39,25,44,29,16,35,36,34,23,11,30,31,8,36
"C40",24,7,18,23,25,48,31,38,21,9,21,19,16,25,9,6,9,11,22,26,19,29,30,23,24,7,7,18,26,26,28,16,26,29,17,4,37,8,16,19,16,10,4,37,22,25,17,14,30,20,20,26,16,5,19,29,4,13,9,24,12,17,15,17,14,9,24,11,25,4,46,24,13,29,23,12,26,10,1,12,14,19,8,11,26,13,18,11,26,22,29,16,17,19,15,17,22,14,11,5,20,19,24,23,18,17,30,13,4,18,18,21,31,29,12,18,15,31,17,21,25,6,3,24,13,25,19,4,24,7,21,10,36,9,29,18,18,15,22,15,2,25,9,16,16,23,10,6,12,14,35,25,6,7,6,11,11,10,21,11,17,14,6,22,15,13,24,15,17,9,5,26,36,32,24,24,32,14,24,36,16,20,8,16,18,19,11,17,12,12,10,23,44,20,24,21,4,7,16,18,16,17,27,17,15,28,20,15,19,26,14,22,4,9,47,14,76,17,55,15,34,31,23,64,17,66,47,42,62,18,37,36,52,39,19,60,26,66,35,31,42,51,25,25,15,28,35,3,45
"C41",23,22,44,40,22,102,8,45,10,28,29,34,5,15,18,19,18,17,26,28,13,7,5,22,27,7,19,18,20,16,42,36,8,41,19,7,29,18,9,40,21,17,22,44,8,14,19,20,18,13,39,10,14,17,21,38,18,16,30,16,16,40,21,4,23,18,20,42,13,23,15,18,16,35,34,15,22,2,22,10,5,17,34,20,12,25,14,13,27,38,9,17,18,6,8,10,30,26,22,13,34,16,22,11,39,16,18,9,23,22,15,5,33,26,14,23,6,11,9,33,10,31,15,38,31,18,17,4,32,33,9,28,17,28,15,5,11,32,9,18,17,22,14,22,25,22,17,37,18,26,36,31,11,19,16,20,18,14,24,11,7,15,15,21,11,18,11,22,44,15,12,53,36,24,11,14,26,32,31,37,17,16,12,21,32,29,28,19,41,18,8,9,20,28,33,26,13,28,22,22,18,8,28,11,31,20,14,27,24,9,14,21,4,16,66,5,91,23,73,17,50,39,18,51,15,69,50,51,120,19,32,38,62,41,20,70,34,56,31,36,52,63,37,42,25,51,23,5,48
"C42",25,15,17,25,11,80,18,32,9,17,13,10,5,12,19,13,1,15,10,25,8,39,8,20,31,11,9,20,22,7,48,28,14,22,12,8,20,12,12,37,6,9,8,29,15,25,25,9,20,15,26,15,11,9,14,37,13,12,20,17,33,30,16,21,14,4,2,15,4,34,5,28,17,27,22,8,17,11,8,14,36,8,9,6,4,11,16,9,1,18,12,12,26,15,15,21,22,11,10,10,23,13,33,28,10,4,15,24,10,20,7,17,11,15,13,12,5,30,15,30,5,10,13,19,22,9,13,8,20,13,18,9,12,17,10,18,25,14,6,18,17,9,12,31,21,20,18,13,8,16,31,20,23,8,7,21,6,5,14,7,13,19,14,16,16,8,21,23,28,31,6,43,10,14,10,21,11,38,21,30,6,12,16,13,13,13,16,19,11,29,11,18,22,35,12,11,19,11,34,13,18,19,20,16,8,7,14,4,23,19,13,18,11,21,22,3,63,22,48,10,32,21,17,42,11,46,38,34,65,17,32,34,45,46,13,46,19,43,26,24,33,53,22,26,11,24,23,10,26
"C43",5,10,18,9,13,30,26,17,12,26,19,12,14,1,26,14,17,12,8,8,22,18,10,7,18,10,8,10,12,20,14,6,6,29,23,4,16,4,19,25,9,26,23,19,8,10,14,14,9,10,24,9,9,24,24,15,15,6,20,19,6,14,9,14,20,1,22,15,11,12,12,14,18,13,14,16,18,11,4,15,10,14,21,6,4,16,12,14,6,28,14,21,18,11,12,3,3,11,14,7,22,8,21,1,13,9,10,32,13,9,29,9,22,4,14,17,2,22,10,25,9,17,2,18,19,11,22,8,30,9,18,20,26,13,5,10,8,22,10,3,13,12,5,9,3,26,12,19,22,6,32,13,7,17,18,13,2,17,24,9,14,7,21,21,6,18,9,10,12,16,11,7,18,24,11,10,19,17,38,15,12,5,11,23,19,20,18,6,23,4,12,23,18,7,8,13,13,13,14,5,6,6,11,19,27,15,11,14,8,16,13,2,17,45,29,2,69,15,66,15,35,37,25,38,15,48,36,28,69,9,23,18,35,36,25,60,34,63,38,14,43,50,40,24,9,25,16,2,43
"C44",17,8,10,7,26,28,11,17,22,3,9,11,1,4,4,10,11,16,10,9,6,5,7,18,7,2,8,5,8,9,18,12,10,10,9,7,4,14,2,15,11,6,4,16,10,7,9,1,6,21,13,5,11,10,5,17,0,18,16,16,17,0,13,0,10,8,7,18,11,13,10,15,3,17,12,12,9,4,8,3,11,1,7,10,3,6,5,5,17,10,2,4,15,8,17,6,15,16,2,5,19,30,14,6,15,12,5,6,12,16,5,3,9,12,6,5,11,13,5,22,3,13,6,31,0,6,16,4,26,6,12,11,7,12,19,11,1,12,12,2,11,7,4,9,8,6,12,5,4,13,8,12,3,12,10,12,7,10,11,6,7,13,23,6,16,12,16,13,16,16,9,23,26,12,13,17,12,11,15,4,26,3,18,12,13,14,21,3,2,5,11,6,14,18,8,9,15,7,10,15,17,10,17,10,15,15,3,6,39,1,0,15,10,20,23,7,47,20,29,11,17,18,16,22,7,35,22,27,11,6,10,3,12,9,12,34,40,65,20,9,37,23,23,20,4,23,16,2,20
"C45",32,8,19,33,28,45,17,22,11,27,25,20,3,11,21,7,15,9,8,25,26,34,20,10,5,17,7,7,48,26,17,29,15,84,16,5,10,12,21,16,12,27,23,31,3,26,20,11,4,16,27,17,10,13,48,34,15,14,33,21,24,31,28,36,13,6,12,13,26,16,16,23,9,21,14,15,22,18,15,16,15,2,21,8,5,21,20,20,19,24,17,14,26,9,11,19,10,15,20,12,23,25,17,24,27,9,7,14,16,25,16,17,14,25,14,41,20,20,15,12,26,5,7,7,17,9,14,24,12,13,14,34,14,24,17,27,10,7,7,2,15,17,21,10,24,7,26,28,9,11,34,12,5,25,15,34,24,18,14,4,53,8,19,34,15,34,23,11,16,26,10,29,25,11,20,22,49,51,22,31,16,18,11,10,26,16,33,18,17,14,17,4,23,20,14,13,19,18,6,13,28,14,34,18,14,35,16,27,23,17,26,21,16,48,41,5,68,19,75,18,30,26,16,41,15,58,52,33,122,5,41,6,14,15,18,54,32,66,39,15,29,37,33,21,9,30,20,7,45
"C46",22,20,7,18,27,42,21,28,18,11,20,17,15,25,28,11,12,9,8,17,13,9,12,6,24,13,12,26,16,33,24,25,8,29,2,16,26,8,31,25,10,38,10,27,2,11,25,13,21,45,24,16,18,15,39,15,11,11,24,22,9,15,5,20,20,23,18,20,10,1,11,22,7,15,14,16,18,8,15,12,22,7,14,2,6,11,3,5,21,54,12,25,4,20,28,20,14,25,0,13,14,14,19,19,23,8,5,7,9,6,11,6,19,18,23,18,9,21,17,23,25,15,18,38,23,17,24,24,25,12,14,15,24,26,8,20,14,11,9,5,9,9,3,23,9,6,10,9,25,18,19,8,9,28,16,14,11,18,18,11,9,15,12,23,10,24,21,17,34,36,28,6,23,13,15,28,8,13,20,18,19,14,10,18,21,26,16,28,13,19,5,21,14,26,39,16,7,11,20,11,5,19,28,2,11,16,19,16,39,2,19,9,10,17,44,7,76,32,59,17,36,30,23,41,13,65,44,28,59,15,28,42,51,22,25,59,31,57,34,14,43,68,24,29,28,36,27,10,25
"C47",15,6,23,15,30,25,25,28,15,13,24,20,16,30,12,15,12,9,14,35,0,27,13,10,17,8,6,13,26,15,19,13,5,20,9,11,15,5,14,21,12,28,5,14,7,25,19,15,13,18,19,10,5,10,22,15,12,7,18,3,13,22,3,19,21,6,20,3,18,9,24,17,13,19,14,12,23,14,13,23,28,10,12,13,11,25,17,0,11,9,17,12,22,11,17,10,11,4,2,23,7,16,23,19,16,20,12,26,22,23,4,24,28,9,10,13,9,21,18,15,5,5,3,18,8,12,19,16,23,16,34,15,8,7,5,6,13,16,8,13,25,18,16,16,23,17,15,24,10,17,19,9,14,8,19,18,3,4,14,9,8,16,7,14,10,19,20,13,15,27,2,26,25,20,12,10,10,39,50,15,11,9,16,25,12,23,12,14,6,6,15,19,22,31,21,6,22,6,11,8,10,15,19,9,16,11,7,15,30,27,20,26,11,31,35,3,75,13,49,17,33,30,13,27,12,57,34,38,44,5,13,8,14,23,15,49,19,45,30,16,40,25,26,23,12,21,22,5,51
"C48",14,14,14,28,32,63,38,24,16,29,13,21,28,30,20,22,24,16,22,25,25,19,22,10,27,17,10,12,14,18,41,28,14,32,13,6,14,16,23,16,11,19,18,11,4,41,33,11,24,36,30,14,15,15,19,12,15,16,15,10,5,26,7,10,27,11,8,33,49,6,21,13,23,49,30,24,13,4,18,10,28,9,26,16,7,23,10,17,16,13,20,6,7,13,18,16,19,15,4,26,27,16,15,32,11,5,16,20,23,43,8,12,23,25,18,22,29,25,24,24,23,22,23,26,15,8,23,28,45,12,10,28,19,15,20,20,2,13,11,6,28,19,9,22,6,23,26,13,29,30,48,13,20,8,9,25,19,13,22,2,11,16,7,18,23,11,19,5,19,6,29,24,14,30,12,27,15,9,42,35,20,15,10,20,7,20,35,25,3,19,12,2,37,34,28,18,26,15,21,26,15,17,30,22,5,30,21,17,11,5,15,22,6,22,53,8,77,20,69,34,30,24,25,53,13,47,53,34,98,6,18,22,33,33,23,42,22,46,38,24,49,50,34,27,12,36,34,9,37
"C49",6,18,13,28,19,61,19,26,9,12,23,16,6,12,13,4,8,27,13,27,10,6,17,4,7,8,15,14,15,20,19,21,14,24,18,28,19,24,10,22,21,4,14,32,10,25,23,7,10,19,37,13,8,22,30,16,23,14,20,14,16,23,17,9,12,4,5,21,25,5,28,24,17,34,18,19,14,11,30,15,24,26,23,16,14,15,16,22,19,27,15,15,15,18,17,10,8,0,14,17,22,5,27,12,3,24,14,11,5,7,15,10,24,10,10,16,17,28,5,27,19,19,9,13,20,4,27,14,15,18,12,9,6,22,13,6,16,13,20,12,11,13,11,11,12,36,29,9,8,4,31,16,17,12,13,12,1,21,16,7,18,2,9,11,29,5,20,7,19,19,16,25,32,23,3,32,16,9,37,20,17,19,11,5,9,6,28,13,5,5,27,11,27,14,30,10,10,7,6,6,21,22,19,4,13,13,11,7,19,15,20,17,8,12,31,0,70,24,47,9,31,33,18,40,15,46,40,34,59,11,34,21,46,35,16,35,14,39,29,28,38,39,26,20,15,24,28,5,29
"C50",16,2,8,19,5,40,6,19,16,6,18,9,10,16,14,9,8,18,4,6,0,18,3,14,4,4,16,9,10,3,25,14,2,23,0,1,13,9,7,26,16,29,0,9,4,12,6,7,10,9,16,4,6,16,10,11,11,14,13,9,7,10,13,4,4,0,6,3,15,18,16,9,7,7,17,5,23,10,20,13,15,7,9,12,7,6,16,5,12,14,11,2,12,6,13,17,2,13,14,1,2,13,8,25,16,8,1,16,6,5,6,17,1,8,6,6,13,10,21,7,5,8,6,8,6,11,7,5,11,8,8,3,20,15,4,12,6,6,3,9,9,7,6,27,22,6,2,15,19,13,43,10,5,5,8,19,8,10,10,2,5,2,8,16,4,21,10,9,22,5,6,22,16,6,15,12,18,27,11,18,14,19,8,13,11,5,22,12,17,20,6,6,12,15,21,12,6,5,3,14,15,7,26,7,16,6,12,13,20,8,9,15,25,15,19,2,39,13,29,8,26,19,7,30,10,23,23,25,43,2,17,9,14,10,9,29,14,31,16,4,21,23,15,19,7,17,14,3,24
"C51",4,0,20,16,19,88,21,24,10,26,18,20,8,30,20,20,11,22,12,16,25,20,1,15,9,16,19,21,15,25,42,11,20,23,13,2,21,10,31,15,7,13,18,19,6,9,36,15,12,14,20,14,22,15,27,23,19,29,17,19,11,12,8,16,36,12,19,20,14,25,22,30,21,24,11,22,17,4,6,17,25,14,28,28,9,23,21,22,20,24,20,14,17,24,22,9,25,8,18,14,23,16,12,21,22,7,7,26,6,11,15,19,19,9,17,12,17,23,17,16,22,13,6,30,10,10,10,16,22,6,19,17,28,12,15,4,15,15,3,23,11,19,11,17,5,30,7,41,21,12,31,24,5,29,16,12,8,10,28,9,11,9,15,21,7,26,13,27,25,18,10,49,22,11,13,5,9,32,49,31,8,10,8,19,21,23,32,10,26,19,18,29,20,25,17,9,23,33,16,12,13,15,42,15,15,13,8,11,17,7,18,11,11,16,32,7,74,23,57,17,37,36,20,55,11,45,49,29,100,6,28,28,40,39,20,48,36,60,18,16,54,54,35,35,10,23,28,10,41
"C52",18,9,14,14,7,52,20,30,7,21,11,5,9,3,18,3,21,9,2,10,9,25,20,10,14,4,10,13,8,15,34,15,8,41,17,1,10,20,7,13,2,10,6,4,1,6,20,16,10,24,8,11,8,16,18,9,12,19,6,6,11,4,15,17,8,7,1,15,12,13,10,6,11,8,15,16,25,9,0,19,10,5,9,5,0,18,20,3,4,4,4,12,13,12,10,9,16,14,18,11,15,5,18,7,18,22,6,17,12,19,7,17,18,22,16,20,4,14,8,5,4,11,15,4,14,9,11,4,23,8,3,22,2,6,3,5,7,15,10,5,16,3,4,10,7,19,5,10,18,2,11,7,4,8,10,11,2,4,0,5,20,13,6,17,7,7,5,18,18,9,5,40,7,9,15,18,18,11,10,16,14,7,17,19,16,16,14,8,1,4,11,5,16,35,18,12,11,1,2,2,3,13,7,12,9,18,22,4,7,6,12,12,8,22,8,3,43,15,27,10,23,13,10,19,13,27,29,16,23,9,25,15,31,20,9,27,36,24,23,18,19,28,23,36,8,16,39,11,20
"C53",8,8,5,0,20,43,7,13,1,3,13,17,4,5,2,7,26,14,1,0,15,10,8,12,9,16,3,3,6,16,9,11,0,12,0,3,1,2,4,5,0,5,1,23,3,12,12,4,13,13,8,7,9,18,12,10,15,8,12,14,6,9,1,15,3,14,1,6,0,3,7,5,2,13,8,21,4,11,6,14,17,16,9,12,6,15,9,13,3,3,9,3,7,1,11,0,13,8,10,8,14,4,2,11,18,3,1,3,6,2,3,3,7,4,21,15,6,20,4,20,9,9,3,8,12,12,12,5,11,8,6,23,5,5,2,3,11,0,12,5,6,3,4,7,4,8,16,1,2,14,7,8,9,13,3,11,1,0,6,4,3,7,1,2,1,7,4,0,2,4,0,6,14,11,8,5,15,14,7,8,7,6,9,7,11,4,8,6,8,12,14,2,12,7,0,11,13,11,11,24,7,12,0,10,8,13,28,3,5,5,11,7,5,12,5,1,25,8,22,5,14,16,7,15,6,23,19,14,9,6,21,18,24,19,5,16,8,14,10,10,20,17,14,41,3,15,17,6,19
"C54",21,14,17,22,30,49,14,32,16,41,15,19,6,21,14,18,10,16,22,22,16,5,12,21,22,6,33,23,17,21,29,32,9,14,4,5,10,21,17,14,17,28,11,37,24,26,13,1,4,17,44,11,9,21,38,30,14,28,22,11,11,8,10,13,20,4,25,18,12,29,17,17,11,23,25,3,21,4,12,18,29,11,32,9,5,1,7,14,4,30,12,18,27,12,11,17,33,25,5,11,23,7,34,28,17,20,7,9,21,20,15,5,23,13,14,16,21,14,16,11,32,22,12,14,12,15,19,26,19,18,29,8,7,29,32,20,4,10,17,16,4,15,13,12,10,6,13,7,11,14,27,17,9,16,21,17,20,10,11,4,9,7,21,32,7,11,24,21,22,17,15,8,23,11,10,15,19,31,23,28,29,5,2,13,18,5,27,13,12,12,5,5,19,13,17,7,13,26,18,13,22,21,4,17,4,10,13,18,22,8,6,4,2,19,36,9,78,22,70,16,32,32,18,46,16,50,46,29,73,10,24,19,35,31,18,55,17,58,38,18,32,49,33,23,16,40,30,8,26
"C55",10,28,18,17,31,19,15,24,19,11,34,3,2,17,17,2,24,17,7,26,1,4,4,15,16,2,24,26,21,18,9,10,1,15,28,6,11,24,13,13,7,26,5,6,15,29,13,19,11,12,9,8,12,10,29,25,11,19,12,22,7,3,13,24,8,7,25,16,7,14,27,10,17,19,9,8,10,7,22,5,16,7,19,25,10,0,17,11,6,40,10,28,26,17,5,4,12,34,4,32,18,9,28,20,13,20,5,12,5,10,8,18,15,17,16,11,25,37,21,20,41,12,19,16,13,6,30,10,18,13,18,15,11,18,11,12,21,31,9,9,14,7,8,5,23,16,12,19,3,24,8,4,31,7,19,22,18,18,7,4,8,8,18,8,19,9,14,13,20,11,19,17,17,14,14,12,9,3,17,13,13,17,8,24,11,18,3,10,11,12,39,21,16,8,18,10,7,8,22,7,6,3,33,17,7,28,9,17,3,12,14,15,19,13,24,126,56,15,70,18,40,33,14,49,11,47,45,74,30,12,36,27,50,36,16,58,51,51,35,16,47,44,27,32,13,30,32,10,28
"C56",16,8,6,18,31,19,9,21,19,19,17,7,6,14,12,7,4,14,14,11,9,20,8,15,13,0,6,15,3,10,12,14,21,10,6,3,19,17,7,14,13,31,7,27,17,6,17,9,3,19,18,8,3,13,8,35,7,6,10,5,8,8,10,9,15,7,11,15,15,10,39,24,8,11,15,9,9,15,6,0,15,10,3,3,15,15,9,1,5,23,22,15,26,13,16,6,13,14,1,13,28,20,27,17,12,3,7,7,2,8,4,8,24,17,23,12,16,17,16,4,18,14,14,13,23,6,13,3,2,10,13,6,9,11,18,1,18,5,8,13,13,6,10,14,13,10,4,12,14,16,20,4,5,13,3,15,2,9,12,4,9,11,13,11,3,14,8,6,15,12,5,10,14,11,10,19,1,2,11,13,18,12,3,14,12,13,16,4,8,7,8,8,11,17,16,16,1,6,13,7,10,8,14,2,5,5,3,24,12,0,6,18,17,14,33,10,55,15,39,15,22,27,12,38,6,37,31,22,37,11,12,21,23,25,17,41,17,44,29,8,38,30,22,25,15,29,16,7,22
"C57",18,14,15,16,55,27,29,21,9,24,28,13,11,18,11,13,5,10,27,12,16,17,19,13,24,8,11,24,24,6,40,16,12,6,21,4,10,15,16,23,8,19,3,28,16,5,20,2,6,39,23,10,11,24,28,19,7,7,3,35,8,31,14,22,16,17,33,12,19,4,16,20,9,30,14,2,7,15,12,14,20,15,14,11,18,18,7,9,16,49,10,12,15,20,18,13,6,23,10,25,15,7,14,16,13,10,7,9,1,20,16,20,26,12,13,15,8,19,11,15,17,26,22,8,11,17,24,10,10,3,31,14,25,16,21,4,17,23,5,13,17,15,25,10,4,17,31,12,10,12,17,3,41,7,27,6,3,16,24,22,7,3,27,26,16,9,12,27,8,30,28,12,11,12,17,9,22,3,29,19,9,2,20,16,22,26,15,2,3,1,19,8,8,17,16,31,28,23,13,24,7,18,17,4,13,29,7,7,15,13,9,13,15,6,32,14,53,24,39,15,36,33,15,48,16,50,37,30,55,12,40,31,42,30,26,47,31,57,34,13,38,39,25,24,21,34,36,12,39
"C58",19,12,22,13,23,28,19,28,26,16,41,12,7,12,7,26,6,19,13,39,15,20,17,22,27,17,27,12,18,26,33,8,0,31,14,11,14,22,30,19,4,12,16,34,4,10,24,16,15,15,34,10,19,14,29,14,11,18,12,11,15,11,20,20,16,4,20,30,2,24,18,15,16,13,23,17,7,10,15,10,18,6,23,10,3,26,11,12,14,51,2,7,16,6,20,9,13,13,10,11,8,18,21,24,22,18,5,27,12,7,20,15,16,12,13,27,13,20,11,6,38,23,18,15,3,18,7,11,35,20,11,22,19,15,18,17,18,15,12,15,9,10,17,12,16,16,7,13,17,13,44,14,11,28,17,19,10,11,3,4,11,17,15,26,15,24,22,21,14,14,16,16,23,16,11,11,4,30,39,15,13,14,4,4,14,21,27,27,11,4,15,5,9,66,10,16,16,11,18,7,10,16,21,8,22,11,10,7,11,12,15,14,19,12,35,7,77,20,48,14,40,26,22,39,12,45,42,38,51,7,22,5,14,20,17,59,27,49,44,16,51,38,36,21,13,30,19,10,39
"C59",11,10,9,30,30,36,21,23,10,8,42,13,8,10,10,1,5,23,8,17,14,20,24,17,27,13,15,9,20,11,49,23,18,24,27,11,8,6,14,32,17,24,7,26,7,21,20,11,22,22,33,28,15,15,25,17,14,14,10,4,9,18,10,18,13,2,8,23,6,10,11,23,25,28,18,10,21,6,13,11,19,1,17,18,1,15,22,6,18,12,12,15,12,10,17,3,15,14,11,3,29,13,23,14,23,19,9,12,15,10,16,4,33,16,13,5,2,17,9,4,13,11,18,25,11,4,22,1,27,9,18,11,16,9,20,16,10,16,10,7,6,14,4,19,28,34,30,16,14,11,27,24,14,8,16,17,15,19,23,19,12,21,26,19,14,27,21,11,15,25,7,18,27,11,16,22,27,26,25,22,26,12,18,16,17,20,28,11,18,13,18,15,9,29,18,8,21,5,10,35,7,13,21,13,12,27,25,7,8,21,21,19,20,17,27,10,61,27,70,15,38,35,18,33,13,35,39,29,66,4,13,11,28,21,16,49,25,57,37,13,39,41,30,31,11,30,31,4,26
"C60",20,13,22,14,26,62,13,23,6,26,15,22,9,9,27,5,12,14,10,36,39,26,13,22,26,12,9,19,12,14,15,16,9,26,18,14,41,14,15,14,8,27,29,6,20,18,20,37,17,23,24,11,15,10,26,28,13,8,20,5,40,25,3,15,12,3,13,27,4,11,14,35,2,40,20,8,19,10,15,14,8,5,22,7,15,14,19,9,18,14,0,17,30,10,11,8,18,15,9,14,17,10,12,22,21,17,19,4,5,10,13,29,16,31,19,20,6,20,25,22,21,23,7,24,12,8,23,11,28,32,32,22,22,14,21,22,14,21,20,19,15,23,15,8,14,22,11,22,17,11,37,18,12,23,20,13,10,18,20,12,12,24,6,18,12,10,24,19,15,12,21,29,28,10,11,10,8,32,30,28,8,18,26,11,5,13,24,8,19,30,9,7,13,29,23,21,19,10,8,28,6,10,24,6,4,13,18,23,20,22,17,3,7,43,40,2,87,24,51,19,31,22,25,40,16,55,41,37,66,15,37,27,48,40,14,47,28,51,35,25,43,47,31,31,25,35,27,9,26
"C61",12,9,9,4,9,53,4,29,1,5,11,23,8,6,31,23,9,7,4,13,10,3,1,25,14,7,8,8,16,7,21,12,17,16,7,7,1,5,11,17,7,11,15,36,2,16,22,4,8,15,9,13,13,15,11,20,12,11,23,4,23,17,14,15,0,5,5,11,6,9,12,20,12,18,3,5,12,13,3,8,2,23,16,2,8,17,13,7,10,24,4,6,21,9,2,12,25,5,1,3,13,14,5,15,10,14,13,11,20,21,21,17,9,13,0,11,8,11,14,8,18,7,2,10,0,6,25,3,24,26,16,16,21,19,5,11,9,7,14,2,11,13,9,9,4,27,10,12,10,3,15,4,6,15,5,15,0,8,7,7,6,6,1,10,10,5,9,7,19,4,14,27,10,16,14,4,17,19,19,5,7,3,5,23,19,16,21,4,11,6,8,19,7,14,9,14,10,11,10,10,8,1,16,11,13,13,8,4,12,16,12,8,13,15,14,3,40,10,34,7,22,18,7,27,11,32,37,13,57,3,19,11,20,16,10,31,11,16,13,5,22,34,21,13,11,18,23,9,22
"C62",14,10,23,16,26,47,15,32,10,20,28,11,6,15,18,3,4,14,14,22,12,11,19,7,19,4,19,10,20,32,32,25,12,29,26,6,17,27,12,52,5,21,3,49,15,30,16,3,6,19,28,25,15,7,25,33,14,25,30,13,7,49,4,22,12,10,20,15,0,13,22,26,12,36,19,5,19,13,4,9,31,2,11,13,17,14,15,17,11,15,13,12,6,21,28,5,13,13,1,8,12,10,25,26,14,11,15,6,22,18,14,5,20,19,9,31,23,45,18,14,18,18,16,20,25,3,24,9,14,6,13,23,17,14,15,3,1,20,10,5,15,18,8,14,14,11,5,21,1,29,31,13,9,13,14,15,10,11,22,6,10,10,21,25,5,21,16,15,31,26,16,47,23,10,18,30,18,57,21,25,19,16,8,19,23,14,31,8,15,24,15,21,14,25,4,18,20,11,35,10,9,13,34,16,18,20,11,19,22,7,25,16,9,29,28,10,65,25,43,13,49,33,20,41,17,55,44,26,46,8,30,20,29,31,24,46,25,51,23,14,59,38,28,18,17,33,19,11,24
"C63",18,3,0,3,0,0,1,3,5,2,2,6,0,4,4,3,3,0,2,2,9,8,2,2,11,0,8,4,3,3,7,5,1,2,2,4,4,12,1,0,0,8,1,2,6,2,7,7,7,9,2,2,0,11,1,12,3,2,5,8,9,5,3,6,7,3,2,5,9,4,0,1,11,0,9,2,6,3,5,2,2,6,1,0,2,18,6,14,13,2,0,1,5,2,12,0,5,0,4,7,2,5,2,0,6,7,3,8,7,3,2,8,0,1,3,6,0,3,8,4,6,5,0,3,5,4,8,6,6,6,5,1,6,7,5,7,1,1,0,4,5,0,10,9,2,2,0,0,8,2,6,9,6,5,6,1,0,1,5,2,5,3,0,6,8,11,2,2,5,0,9,3,4,1,0,6,17,7,2,4,2,3,10,8,3,16,8,4,7,6,32,3,8,1,2,3,5,0,2,12,3,13,0,13,1,0,2,0,7,6,5,8,3,10,6,0,10,7,21,2,10,12,1,15,3,15,6,6,10,0,17,4,20,3,11,9,3,11,12,6,12,7,8,17,3,13,11,1,15
"C64",14,9,9,7,9,32,8,12,21,18,20,7,14,4,11,12,6,7,11,8,11,9,6,6,21,4,9,7,9,14,28,6,5,23,20,8,17,12,8,16,9,21,2,27,8,25,18,4,12,7,21,18,9,14,28,8,8,11,9,8,11,8,8,1,13,5,24,11,10,5,21,11,13,5,9,16,10,1,9,1,16,0,15,19,12,28,17,9,5,33,11,10,18,8,18,11,23,19,9,16,14,13,20,13,19,20,7,6,13,13,5,20,7,24,11,12,9,21,5,11,23,15,8,17,1,14,23,10,17,8,13,8,10,23,25,28,1,18,1,4,1,11,1,16,7,11,7,8,17,23,22,8,20,4,6,19,13,6,0,3,5,9,2,17,8,7,5,4,34,21,9,8,16,25,9,11,5,14,36,36,0,6,12,22,21,4,11,16,10,10,14,5,7,15,27,10,9,12,4,9,7,12,18,12,4,8,14,10,17,7,4,15,10,20,39,6,83,14,51,17,39,30,28,29,15,44,47,29,84,9,29,34,48,45,21,36,29,46,43,21,28,50,30,25,12,27,28,13,29
"C65",12,8,23,17,19,66,9,36,3,17,15,7,6,16,13,8,18,16,16,20,24,11,10,23,10,19,20,3,10,10,21,16,16,25,6,10,13,16,12,36,15,18,15,26,2,28,16,12,10,15,10,22,10,10,24,19,22,15,8,10,5,16,26,15,10,4,17,26,17,26,14,16,19,31,14,7,6,17,7,8,6,23,12,16,6,24,14,9,8,17,0,26,24,7,16,17,21,22,2,1,39,19,15,9,12,3,17,24,8,11,28,8,15,13,20,10,12,27,44,22,14,11,11,29,7,16,31,5,22,21,14,9,5,6,9,12,2,27,14,8,9,7,8,11,16,15,18,12,12,8,44,6,11,30,10,17,1,11,6,16,23,20,21,16,3,6,20,19,20,15,10,38,19,0,22,11,9,7,18,20,10,9,5,16,20,26,26,8,11,8,10,9,15,18,7,22,13,16,13,27,13,16,13,10,14,16,7,16,22,13,4,11,8,16,47,7,86,11,49,19,35,29,24,43,17,64,64,34,67,17,35,30,57,44,19,40,24,58,32,25,59,60,34,19,13,33,18,6,29
"C66",25,16,12,35,45,83,15,33,6,21,25,32,24,5,13,24,18,16,16,25,14,6,15,33,37,11,23,30,11,10,38,26,22,32,26,6,20,16,10,28,34,26,23,20,6,30,46,18,12,31,43,26,18,34,60,11,13,6,19,16,40,20,17,36,34,13,13,31,26,17,21,22,26,44,12,7,7,7,16,25,11,17,42,12,4,21,14,10,13,30,16,14,27,13,9,28,19,9,2,14,39,11,10,18,24,29,27,12,11,20,8,22,39,21,9,19,8,29,22,31,20,32,18,51,14,7,19,21,38,17,22,27,31,13,22,16,26,13,6,12,12,28,6,38,37,24,14,24,12,8,53,25,20,30,19,6,15,9,22,20,25,6,30,17,18,20,16,35,17,31,17,18,29,20,16,25,7,15,22,14,27,37,17,15,24,29,40,8,23,12,8,9,11,38,20,14,39,7,23,30,14,32,41,23,8,34,18,21,24,24,11,17,17,43,29,17,81,20,63,19,46,34,27,54,20,59,57,32,77,19,29,23,46,36,28,82,35,68,38,29,60,61,40,35,21,37,45,13,31
"C67",12,20,24,14,36,94,6,25,22,30,23,20,12,15,26,10,27,17,9,15,30,54,12,15,14,9,5,27,20,18,61,21,10,29,23,5,21,20,13,24,2,8,23,23,15,23,28,21,13,14,26,15,7,17,29,21,15,24,17,22,16,14,5,16,11,8,23,35,14,7,22,18,15,22,17,6,17,5,13,8,12,9,24,9,9,11,23,7,21,16,10,2,17,15,30,12,17,17,7,7,35,22,16,12,32,8,11,18,10,19,5,8,19,47,9,23,9,19,33,13,12,31,7,20,15,13,11,9,20,21,23,14,9,3,12,19,11,16,12,6,12,16,7,9,11,18,18,32,14,16,29,14,17,16,7,14,1,19,22,8,8,16,6,11,15,14,5,14,27,19,14,7,24,9,10,17,4,11,17,43,16,8,16,24,7,15,17,16,13,9,5,10,13,21,9,21,11,21,11,16,18,9,15,8,31,21,9,10,20,7,13,18,25,27,44,1,74,22,49,11,31,26,19,43,16,64,48,40,70,15,29,31,51,32,16,48,31,51,26,31,40,64,37,29,23,35,31,7,34
"C68",9,15,11,9,8,27,11,14,5,0,9,18,7,14,14,11,7,10,13,24,28,10,15,10,16,5,9,9,21,26,19,10,1,20,4,7,12,2,24,12,14,16,5,28,9,6,12,4,14,19,15,6,4,7,11,7,3,5,8,16,2,8,5,0,6,5,16,5,12,13,17,29,7,2,22,5,15,13,1,1,9,0,12,0,8,14,9,15,20,21,9,17,8,1,6,9,16,5,9,3,20,8,12,7,11,7,22,19,0,3,11,1,16,10,9,8,10,27,13,8,15,12,5,6,3,9,18,7,22,11,11,10,11,15,23,2,8,12,9,5,10,11,1,18,16,11,7,25,21,11,17,12,2,6,13,8,4,2,1,9,6,8,11,25,2,6,18,16,16,15,3,23,13,6,16,13,10,22,17,7,28,14,7,8,26,9,14,8,6,20,12,7,5,16,19,26,4,14,12,10,21,3,19,15,13,17,16,19,14,12,7,1,13,20,28,6,42,16,31,8,28,19,16,37,6,20,19,28,42,5,18,1,25,12,17,31,14,33,21,11,34,34,22,29,7,16,13,10,13
"C69",32,11,13,26,26,71,4,41,16,7,17,13,12,4,8,25,9,20,11,14,25,37,32,25,19,15,30,14,31,29,49,16,18,35,12,0,9,3,16,19,14,25,1,35,5,27,15,11,18,19,65,10,21,7,27,16,15,16,18,9,3,25,10,18,28,6,26,31,16,11,33,26,13,27,17,17,19,4,28,20,30,17,12,7,13,28,16,8,25,11,12,14,30,21,19,13,9,19,3,2,23,12,44,14,39,15,13,17,9,15,21,32,19,3,13,7,8,31,23,21,13,33,16,5,26,12,14,19,39,11,11,15,23,8,15,7,11,14,15,9,40,7,20,9,24,22,16,31,24,21,26,5,11,12,9,13,1,12,13,17,23,15,11,27,4,11,18,19,11,46,16,17,35,19,12,30,20,14,18,28,18,14,11,4,7,27,30,12,11,8,18,33,15,13,23,14,24,17,18,12,25,10,37,7,14,13,19,16,20,25,8,25,4,23,32,3,76,12,63,18,33,35,21,38,15,65,39,36,71,6,26,20,34,30,24,57,25,62,31,0,46,52,35,28,19,37,23,0,32
"C70",13,6,6,7,10,23,13,13,10,10,15,11,2,11,4,8,2,10,7,11,1,10,8,12,15,4,13,6,23,5,30,4,24,21,10,5,6,0,6,5,6,15,20,1,2,9,3,0,2,8,24,1,9,2,17,10,3,5,7,4,4,12,6,18,17,8,20,8,9,4,2,16,7,19,16,8,11,6,8,5,3,4,3,0,4,15,3,14,7,9,11,14,16,4,12,5,2,8,12,0,13,19,8,14,14,12,5,8,5,22,8,0,8,25,4,17,3,15,7,2,6,20,12,22,5,11,7,17,7,6,2,4,21,18,10,5,12,13,5,8,19,4,1,7,19,5,6,2,12,3,9,10,1,6,0,12,2,11,5,6,8,5,2,5,3,10,4,20,9,7,7,12,6,7,0,5,13,2,11,12,10,10,6,5,5,12,5,5,13,5,12,5,12,14,15,25,7,0,8,8,1,6,17,15,1,4,2,14,10,23,2,3,6,13,7,15,47,8,37,10,23,16,10,27,6,35,21,23,16,1,10,17,11,21,10,23,28,22,26,4,23,13,26,19,4,16,8,0,14
"C71",9,13,4,9,23,38,8,14,9,6,13,6,5,19,10,2,0,8,11,4,7,23,7,7,7,1,9,1,11,18,14,15,12,23,2,0,18,20,10,14,12,15,5,11,10,10,27,5,10,16,14,7,18,28,19,13,0,22,20,6,7,12,7,18,7,17,23,10,34,18,23,11,12,9,6,15,14,0,17,2,11,6,20,5,6,10,10,4,4,27,19,9,12,12,13,8,6,13,12,31,12,25,7,4,27,3,6,10,3,14,9,10,9,13,17,9,14,23,12,17,26,14,18,2,14,7,14,8,20,4,9,7,18,17,9,18,14,6,7,12,13,9,10,17,5,19,10,8,11,28,15,12,11,14,9,19,3,21,0,12,6,0,5,6,20,3,17,1,16,20,21,14,12,6,13,16,10,5,11,0,8,7,9,8,18,18,7,25,6,15,6,3,14,3,14,3,6,7,11,5,14,10,24,7,0,14,8,11,10,6,5,6,7,6,39,5,75,18,57,15,43,26,20,33,12,30,46,34,40,9,27,32,34,46,21,59,13,43,32,6,34,45,33,32,14,29,20,3,27
"C72",4,19,24,12,23,58,25,27,5,22,29,10,21,15,12,24,23,21,16,36,5,23,23,21,22,17,10,12,24,16,54,21,12,32,9,12,20,21,7,33,16,16,19,13,10,19,43,18,9,10,36,6,29,25,18,31,29,10,8,17,18,35,10,22,15,27,21,16,24,47,29,35,30,17,12,21,21,5,12,19,20,16,28,9,9,5,10,9,9,24,12,4,25,12,12,5,12,14,7,13,27,18,17,31,25,14,15,19,9,15,22,13,9,12,12,20,14,15,20,25,31,8,15,19,30,4,23,12,30,16,28,24,21,20,17,22,12,10,16,36,15,31,7,10,24,32,24,15,10,8,39,22,8,38,14,25,8,23,22,11,13,14,20,25,19,17,16,9,27,11,8,21,16,24,8,17,15,35,31,25,11,22,9,8,8,45,22,25,17,17,48,13,18,18,31,5,4,31,13,23,20,21,28,18,18,20,12,18,18,38,23,23,20,12,36,39,88,15,74,23,38,31,21,50,22,61,40,43,80,9,7,23,35,25,24,59,64,61,49,14,49,35,35,35,21,39,21,5,55
"C73",19,9,11,12,32,50,22,16,18,7,17,7,2,8,8,6,6,24,23,20,14,19,13,20,27,4,36,10,24,20,40,30,17,24,10,5,11,11,11,26,4,8,17,12,0,23,15,28,16,20,17,12,15,15,33,26,12,1,13,7,11,14,21,24,7,22,27,12,22,41,45,9,12,19,17,3,11,7,18,6,18,12,12,26,11,15,12,5,23,12,15,30,4,25,20,7,10,7,14,6,21,17,15,52,21,13,14,13,9,16,5,22,28,16,7,19,20,19,6,28,8,14,23,20,16,6,8,11,22,19,24,26,18,5,3,25,5,15,12,12,10,9,17,11,20,16,16,24,19,23,19,3,4,11,18,12,4,22,4,10,11,8,9,14,17,4,10,7,20,24,16,23,34,25,8,16,23,32,11,29,16,4,12,15,15,14,22,5,7,21,12,21,16,19,26,18,20,12,12,24,19,19,17,28,24,10,10,18,10,9,20,23,4,34,28,4,57,25,54,19,37,23,28,33,15,37,36,31,43,5,16,9,17,13,17,48,79,50,41,19,27,31,25,23,13,32,18,8,26
"C74",16,7,12,20,8,42,17,4,6,18,14,31,9,4,13,12,4,19,8,29,10,12,5,22,17,10,15,15,11,5,34,20,12,12,18,7,9,13,15,7,5,17,10,27,6,10,17,8,13,3,0,15,6,8,31,13,10,10,14,11,9,16,5,6,15,8,28,10,5,10,5,11,14,8,15,17,1,3,7,9,7,16,17,0,1,15,22,7,0,27,5,10,14,10,12,7,22,1,10,8,9,18,11,29,14,5,8,21,13,4,5,10,2,26,3,17,1,7,11,0,11,7,4,18,12,11,3,16,23,2,8,23,3,6,9,20,9,8,8,6,13,16,8,8,19,12,22,11,8,10,5,18,18,16,5,19,8,4,18,0,7,17,14,7,15,12,9,13,22,21,5,20,28,18,11,14,21,16,11,12,9,14,13,13,8,8,24,5,16,20,10,15,20,32,22,7,20,18,9,13,3,7,26,22,12,14,14,8,10,17,13,16,10,17,15,4,36,13,41,10,21,9,5,26,10,36,25,17,53,4,63,3,8,3,14,33,23,40,22,4,18,28,19,17,12,26,43,5,39
"C75",21,11,20,18,24,90,10,36,17,13,27,24,7,9,21,6,9,29,14,22,8,33,17,8,22,5,5,29,10,23,31,11,17,34,14,7,26,18,21,26,15,25,5,23,19,12,24,11,14,6,17,10,14,23,11,27,18,15,9,13,13,13,23,11,14,11,16,11,15,27,24,23,5,17,16,14,14,4,13,19,14,15,7,11,2,26,5,4,12,24,10,15,8,12,11,15,4,12,22,8,12,13,22,24,47,16,13,7,24,10,16,19,8,11,5,20,14,3,16,13,29,12,7,18,18,21,14,2,16,14,21,15,14,25,12,16,15,20,12,11,23,14,7,9,16,10,19,40,9,19,42,16,9,14,3,18,7,21,22,13,4,6,13,10,13,10,20,21,14,10,2,33,26,8,15,19,21,61,29,26,22,12,13,13,22,11,10,2,17,3,18,15,21,31,11,31,18,18,25,1,23,24,30,28,13,11,5,18,16,22,29,7,22,12,34,6,70,19,42,18,37,33,25,38,17,53,42,41,67,15,27,21,48,32,7,54,24,56,31,40,38,39,35,17,21,27,26,13,32
"C76",11,7,19,13,26,33,17,22,14,6,11,30,27,25,22,17,12,30,17,30,4,17,14,12,31,6,19,13,18,11,17,10,8,8,12,8,19,9,9,15,12,20,15,19,4,12,26,5,5,26,25,16,6,16,14,15,22,17,22,17,13,17,31,29,14,10,22,10,24,36,5,9,11,7,14,10,4,8,5,18,10,12,26,19,8,8,6,6,6,25,12,16,25,22,8,6,12,10,5,7,14,17,22,8,26,5,18,14,11,19,9,17,19,11,15,8,22,25,13,19,12,25,18,11,22,6,12,8,32,8,25,25,23,28,12,9,17,11,3,5,3,6,21,10,5,18,8,12,14,21,17,6,7,20,1,25,8,16,12,0,27,5,8,14,4,13,8,13,11,13,25,14,25,14,8,13,19,14,10,21,16,14,9,12,13,10,27,12,11,17,6,11,11,17,12,9,16,17,5,12,11,19,14,23,14,18,21,18,16,7,23,7,7,11,24,112,81,25,66,17,31,31,20,30,8,38,36,53,41,8,24,19,28,37,14,45,41,51,31,6,44,24,38,25,12,32,19,10,33
"C77",8,2,11,14,15,37,5,24,10,20,20,5,11,10,7,9,10,12,14,13,12,6,17,7,15,5,7,5,17,18,20,5,14,4,3,2,13,9,9,20,11,17,13,16,11,17,16,6,1,1,26,8,0,8,18,8,7,2,7,12,6,12,29,12,7,24,15,16,22,18,22,8,12,15,11,13,11,16,11,5,18,12,30,4,9,4,17,18,20,8,13,17,3,22,16,0,8,14,0,5,21,15,26,7,13,11,0,10,14,5,12,10,31,2,7,5,11,13,18,9,11,7,8,15,9,10,8,19,20,5,15,4,17,12,9,19,10,11,10,12,9,0,13,12,15,5,6,5,1,17,9,19,7,16,6,13,12,17,2,8,14,7,16,0,14,19,15,20,16,8,9,14,15,10,9,25,23,6,10,11,8,8,3,12,25,7,7,7,6,13,6,5,6,12,12,5,3,10,7,7,13,15,24,7,19,13,21,4,19,4,22,4,5,15,30,7,54,13,50,8,18,23,9,30,5,43,31,30,36,2,14,13,17,24,14,38,30,44,35,15,24,18,32,21,12,25,17,3,27
"C78",5,9,4,20,13,19,12,17,5,4,6,8,2,15,10,4,13,6,5,9,3,2,5,18,17,4,5,0,2,19,8,14,8,24,8,2,7,17,2,8,2,9,9,13,3,6,4,3,10,8,11,5,6,12,5,20,15,19,11,1,9,4,5,16,17,12,12,21,11,6,7,11,11,5,5,14,7,3,15,1,11,8,6,10,2,1,9,1,4,10,10,14,22,9,0,2,4,7,4,0,9,4,9,7,12,10,5,10,7,1,4,14,12,6,2,14,0,9,2,5,1,13,6,9,2,8,17,10,12,0,5,8,12,5,9,14,6,25,0,3,5,3,3,10,5,10,3,2,3,14,5,17,11,9,13,14,10,3,6,1,15,3,7,9,15,5,0,3,8,14,7,18,7,1,14,8,2,10,10,14,14,4,3,12,4,12,9,5,4,14,15,15,3,13,6,6,4,7,8,11,13,10,15,0,9,12,2,0,2,12,15,13,15,7,14,1,30,13,22,13,16,23,11,24,9,28,17,13,17,3,2,6,12,9,12,29,19,26,23,8,19,24,10,7,10,12,19,6,20
"C79",13,15,27,15,22,37,20,25,17,26,26,11,8,28,25,7,9,9,22,27,42,17,10,11,13,10,6,6,31,26,45,32,18,23,16,9,7,9,23,32,13,37,22,29,9,26,22,24,19,25,43,35,6,25,26,28,7,24,15,18,15,24,6,34,18,11,28,23,22,14,6,16,10,25,14,17,39,14,9,20,25,9,33,6,12,2,21,15,5,16,20,10,16,5,26,14,18,14,9,18,14,12,19,23,28,7,8,29,22,29,20,11,28,20,16,6,12,27,18,35,13,33,8,16,9,7,24,22,19,16,16,19,28,22,17,20,5,37,17,8,19,20,14,13,13,28,9,9,12,5,38,9,22,13,20,16,15,11,10,15,14,18,27,15,19,11,19,17,20,19,15,38,22,13,13,11,24,19,35,26,26,18,15,31,29,8,19,7,13,12,33,3,20,31,13,32,22,8,27,26,22,20,21,8,8,18,27,16,35,16,26,23,6,29,43,7,59,17,65,20,42,35,29,45,15,64,61,39,109,10,22,17,48,36,21,57,25,55,22,13,43,51,44,38,16,37,35,8,43
"C80",12,6,22,18,17,70,1,37,12,40,22,14,12,16,13,7,13,11,16,10,17,23,11,39,9,9,20,12,15,20,47,7,10,28,19,4,10,5,7,25,15,24,8,12,12,15,22,23,9,6,24,16,16,16,41,7,12,17,21,11,7,12,5,9,16,6,11,12,13,14,21,21,18,22,22,16,14,4,18,2,6,21,30,16,7,23,9,13,8,25,6,17,29,12,6,5,14,21,14,12,14,11,17,19,41,23,11,35,7,14,15,12,14,7,16,25,19,12,8,15,21,38,3,23,5,7,31,10,32,12,11,6,23,21,13,8,11,12,10,5,11,15,19,23,16,19,11,19,14,18,45,3,14,11,12,4,13,8,9,2,12,17,2,25,8,12,17,4,19,13,11,28,9,14,22,13,20,22,30,14,12,11,5,22,18,11,24,10,3,16,5,6,26,14,20,15,19,17,17,24,17,11,20,16,8,12,12,9,17,14,12,17,6,24,38,3,59,16,52,16,40,20,14,48,12,49,35,27,83,14,29,21,43,27,13,40,22,42,33,30,43,51,27,15,8,28,24,7,29
"C81",19,10,19,7,14,27,10,8,6,19,10,13,1,5,6,2,1,8,0,6,10,11,9,7,16,2,14,5,13,2,23,14,8,4,14,2,7,7,0,13,3,17,1,4,7,2,7,14,17,10,3,6,5,8,27,17,8,12,6,0,12,6,8,19,2,10,13,0,1,3,5,8,16,10,4,14,0,8,1,6,0,3,18,0,6,9,4,2,11,19,14,0,0,13,10,0,8,8,2,12,6,0,2,8,14,4,10,1,26,5,11,7,10,8,2,21,0,3,0,3,0,5,0,6,10,3,7,1,6,6,14,9,4,8,4,1,5,8,5,9,9,5,0,6,12,3,8,13,3,6,6,0,2,6,1,13,4,6,0,3,0,6,11,6,4,8,5,2,7,10,1,14,12,3,7,9,19,11,0,1,6,0,12,2,11,14,2,0,1,14,5,0,18,22,9,4,20,5,9,10,4,12,5,15,12,3,14,10,17,11,1,17,1,11,7,4,17,10,14,9,19,14,12,18,6,13,19,8,11,1,22,6,18,11,9,23,13,30,11,22,12,20,10,25,3,15,41,5,16
"C82",26,4,20,30,18,110,24,29,23,8,12,22,5,35,5,16,7,24,12,18,19,23,19,16,28,11,11,7,20,21,26,18,15,40,18,11,19,22,7,28,29,39,12,31,6,13,29,9,14,16,22,9,17,26,27,20,12,30,16,11,16,36,18,18,16,15,11,22,13,26,14,32,30,26,20,13,14,4,21,19,24,16,41,18,13,25,26,11,16,24,18,17,20,25,16,15,18,14,5,23,13,18,19,15,23,17,28,15,23,37,19,8,31,16,14,27,9,34,19,41,16,19,20,20,20,15,13,18,37,21,20,28,25,8,22,15,14,16,15,19,11,17,21,20,13,21,21,11,20,28,52,20,20,12,18,28,10,9,13,12,10,18,17,16,18,21,19,15,53,19,10,43,35,8,19,27,23,36,23,31,10,4,18,19,16,15,38,15,22,20,8,23,14,33,28,20,14,27,21,32,19,20,17,16,21,14,8,1,13,15,19,18,22,18,36,4,77,17,56,11,46,27,19,39,11,50,41,32,78,16,36,40,67,32,17,50,44,55,33,3,47,52,34,22,8,34,42,35,40
"C83",9,8,14,21,14,74,24,19,16,32,8,12,17,22,8,13,20,24,23,30,17,27,22,19,20,12,18,12,13,33,39,26,7,44,10,20,20,17,21,33,13,24,12,40,26,8,31,13,8,17,30,13,30,10,30,20,14,17,22,15,17,18,23,23,29,22,24,27,14,9,21,20,16,34,31,13,17,11,9,3,31,11,25,21,8,12,3,21,11,23,25,9,18,5,10,12,11,16,18,9,31,25,24,19,26,12,16,30,23,23,11,15,14,7,11,13,11,15,22,39,21,14,19,20,26,16,20,9,25,9,25,13,16,6,21,19,0,24,14,4,25,15,11,20,24,15,27,19,14,21,51,4,9,28,5,17,6,14,24,11,24,18,16,20,5,21,23,22,18,17,22,31,14,8,19,9,10,43,27,67,24,12,9,17,20,28,20,19,24,17,35,8,20,27,17,23,8,8,6,13,18,10,26,10,28,10,9,20,18,10,33,12,20,19,40,2,75,20,67,21,35,26,15,49,17,65,51,29,117,12,50,31,57,39,20,50,29,52,24,24,47,47,40,23,18,26,25,10,43
"C84",8,1,21,26,13,46,14,8,20,20,13,5,12,16,14,23,8,15,18,11,3,23,14,13,15,9,11,4,18,1,13,37,0,18,21,12,12,20,6,29,14,22,6,43,3,25,14,7,7,13,16,11,10,13,5,15,10,26,17,7,4,25,4,15,24,13,12,11,14,8,7,26,18,30,12,14,14,3,17,12,17,6,11,14,22,18,6,32,10,17,11,7,18,16,11,10,18,3,4,6,6,25,13,21,14,8,11,13,13,5,22,8,12,12,7,16,17,14,24,15,8,10,9,5,13,16,23,4,27,14,10,10,6,15,10,4,11,11,10,8,18,15,17,22,15,25,11,19,7,21,21,4,21,27,12,22,22,11,19,6,0,11,26,5,30,24,24,12,11,14,11,17,24,12,13,15,13,13,20,39,27,12,13,7,23,13,14,4,29,21,8,12,11,27,12,9,16,5,12,13,7,21,25,18,17,13,11,14,23,7,8,5,3,22,17,2,46,24,49,5,22,23,17,36,7,48,37,32,49,7,16,16,46,23,9,36,22,28,24,22,33,32,22,14,7,25,33,8,34
"C85",32,24,6,10,28,73,18,34,10,25,46,7,4,18,12,11,8,3,10,19,19,11,16,12,11,10,12,6,13,11,20,2,8,33,9,1,11,14,6,17,10,13,10,37,17,23,18,9,3,28,22,4,5,18,36,11,11,3,34,24,7,13,7,16,5,5,26,14,4,18,38,13,2,19,2,3,15,17,12,2,37,7,24,6,14,13,15,23,4,46,8,22,3,3,12,4,51,18,1,32,14,14,52,3,22,6,9,22,16,17,5,14,13,13,24,6,3,22,9,23,23,18,20,19,23,13,7,8,19,11,12,1,6,19,5,3,9,33,12,6,15,7,5,8,17,25,23,13,12,19,17,12,18,13,10,15,6,7,9,15,13,1,10,12,20,14,16,9,27,24,30,20,16,9,5,6,15,17,40,17,17,8,9,24,12,18,32,5,2,1,25,2,3,16,15,10,5,0,19,9,4,11,24,9,13,31,0,7,21,10,15,9,12,11,42,24,76,18,82,13,41,43,17,42,21,71,51,38,120,15,46,60,71,47,25,46,47,50,36,23,42,62,29,17,15,39,47,6,50
"C86",3,11,4,16,15,32,5,22,14,5,10,5,8,2,10,6,2,5,6,16,11,9,13,6,6,9,3,9,6,9,12,13,4,13,10,5,14,13,2,23,10,12,6,6,10,11,3,10,1,0,20,3,14,12,3,30,8,10,6,17,6,17,25,8,13,5,14,4,0,5,6,19,5,20,6,10,2,14,4,11,16,7,8,10,18,4,3,7,1,26,3,8,28,13,21,8,1,2,0,5,18,12,13,12,14,17,0,8,11,6,14,12,11,11,6,4,6,16,9,10,20,18,13,26,4,9,7,12,5,13,8,4,14,10,4,3,10,19,5,18,5,14,8,18,10,15,13,9,13,14,12,10,5,10,5,2,1,3,3,5,2,5,10,10,31,7,9,5,11,11,7,13,11,9,9,14,16,5,14,5,5,6,12,6,11,8,9,1,7,3,19,1,11,20,21,7,5,1,15,7,1,6,13,8,3,12,2,2,4,15,17,15,5,11,13,5,37,10,33,17,27,21,7,23,10,26,24,22,19,4,17,10,13,10,12,40,12,25,28,13,21,34,14,16,13,17,27,11,24
"C87",4,17,14,32,20,47,8,20,10,14,33,30,13,36,8,13,10,20,18,14,18,21,13,16,20,1,33,8,19,21,44,19,13,29,14,9,6,18,11,18,16,6,4,24,17,25,13,6,8,6,30,10,14,11,16,15,7,2,20,19,7,16,23,18,11,9,11,8,20,7,15,25,16,12,15,12,22,15,11,3,12,18,19,11,5,0,6,4,16,12,16,7,21,18,13,19,11,9,16,8,10,8,18,36,4,18,5,26,7,13,13,9,8,30,10,16,8,21,12,14,17,10,14,14,9,11,17,2,24,4,29,26,0,7,13,12,8,9,0,6,2,16,15,19,26,26,9,30,14,14,16,15,18,19,21,12,15,11,7,13,6,11,15,16,19,9,7,25,11,18,3,29,17,22,13,3,30,23,17,22,3,11,5,18,16,20,28,3,13,6,18,3,21,25,15,11,20,1,13,15,18,10,24,11,17,40,13,3,16,7,12,13,3,31,14,2,57,15,50,7,31,32,9,49,16,40,27,39,68,3,54,5,11,16,14,53,16,40,27,5,34,31,30,27,5,26,25,5,40
"C88",7,16,14,12,12,31,27,15,14,6,28,15,10,23,4,18,6,16,14,34,13,36,11,17,28,3,31,16,20,7,42,32,8,34,2,2,11,17,7,18,18,25,10,28,7,27,31,7,10,21,24,3,8,20,17,17,19,13,7,18,12,21,7,19,25,8,8,26,21,15,23,12,1,14,17,6,4,15,28,15,10,10,18,10,11,11,19,13,11,25,18,9,21,13,25,17,6,12,12,7,13,11,23,27,27,39,17,14,12,5,14,17,8,13,10,28,21,16,18,19,8,10,19,19,1,6,9,6,43,29,19,35,12,24,11,15,1,23,16,13,21,14,19,3,15,15,7,15,9,18,18,15,8,9,10,14,13,7,12,14,14,18,22,16,7,15,29,15,11,12,15,19,13,14,13,15,26,9,13,21,16,4,11,8,22,12,37,14,25,6,13,14,12,37,19,27,22,16,10,17,7,14,20,23,9,31,19,3,2,9,17,13,21,17,39,7,65,25,62,18,25,19,21,45,14,39,45,37,62,5,17,13,29,22,17,48,21,50,37,10,31,28,29,25,13,27,31,8,28
"C89",3,7,16,6,12,72,12,29,15,18,5,4,9,7,21,14,3,19,16,15,19,16,14,22,15,27,14,4,15,16,13,34,19,20,6,11,20,19,5,19,6,14,8,25,7,7,15,7,2,11,19,14,15,14,16,19,7,11,8,3,2,5,24,14,18,4,7,20,23,72,11,31,11,9,24,8,13,2,5,19,6,26,16,8,8,16,8,8,8,31,4,23,12,14,15,1,13,12,7,9,21,8,12,33,29,14,11,17,17,7,24,16,21,11,5,25,18,18,13,26,17,13,3,9,11,17,20,20,9,9,18,6,5,16,7,6,17,10,18,2,10,11,1,13,7,14,10,15,8,4,14,14,6,28,13,23,4,20,17,0,16,20,8,22,11,10,7,11,17,16,6,4,10,11,3,9,10,26,22,19,12,19,17,8,11,6,14,13,8,29,22,12,25,16,24,14,32,16,22,19,12,10,22,14,8,16,12,4,6,21,10,13,25,24,13,7,39,22,44,13,32,28,23,32,9,42,33,16,47,13,18,12,20,25,11,33,66,40,27,5,30,27,18,9,11,26,29,7,33
"C90",12,5,0,15,12,39,8,23,7,7,14,9,0,2,9,8,21,8,29,9,4,8,7,9,6,4,6,13,0,5,11,5,1,20,7,2,3,13,0,11,10,8,13,31,8,6,12,5,5,13,22,6,5,8,18,17,5,8,11,2,6,3,7,10,15,11,6,4,14,6,7,23,12,29,10,3,19,1,7,4,6,3,13,3,10,12,2,7,7,7,5,7,15,7,5,6,2,8,15,24,12,6,22,11,6,10,7,21,5,11,4,9,4,15,5,2,12,17,12,0,9,15,2,12,7,6,7,0,16,4,11,5,9,7,7,13,7,5,6,4,12,4,8,12,11,5,15,22,4,0,15,2,15,7,9,20,6,13,8,5,4,12,26,4,12,19,6,3,3,13,1,14,19,2,13,9,8,6,34,5,12,0,12,7,15,3,14,7,4,6,12,12,11,13,16,3,6,8,14,17,10,6,14,0,1,10,7,1,14,11,9,18,10,16,12,2,44,17,34,11,16,12,17,17,11,24,27,15,37,3,9,7,15,10,14,22,14,24,15,3,15,28,15,16,7,10,25,2,22
"C91",9,17,9,9,20,46,6,24,18,24,18,9,9,13,9,8,10,6,14,22,21,6,23,11,10,7,3,10,24,10,27,3,6,22,16,8,7,18,13,17,14,24,12,16,4,29,22,1,6,28,39,7,6,26,3,9,16,9,10,13,10,14,3,21,8,10,14,11,20,9,7,22,19,30,14,6,15,4,10,14,28,11,24,6,12,24,9,11,21,17,14,8,16,3,10,4,17,9,5,14,6,11,25,6,7,16,24,16,11,21,24,12,23,19,14,7,6,24,4,13,9,12,13,16,19,10,19,23,22,10,11,21,12,16,13,8,6,9,3,17,6,8,7,16,35,17,15,8,23,10,25,10,21,8,14,27,1,13,25,16,13,7,12,19,12,15,23,19,16,21,9,13,14,13,2,25,6,5,27,19,10,10,10,21,3,22,17,5,3,19,28,7,28,13,10,11,16,11,0,17,12,11,21,7,11,8,20,5,7,22,8,11,21,5,24,2,51,11,44,12,35,29,16,30,12,39,31,27,69,9,35,32,47,32,23,39,30,38,40,7,33,44,19,21,13,25,28,6,27
"C92",12,7,2,7,6,42,12,10,2,12,11,24,15,10,7,7,3,11,10,25,10,19,4,10,8,10,9,12,5,14,33,11,10,15,26,9,6,3,5,11,3,7,19,11,11,18,6,2,2,6,10,15,12,20,17,18,10,21,11,20,1,10,12,22,8,18,14,15,9,3,2,6,32,7,12,4,2,18,8,9,7,8,9,11,7,16,9,0,6,22,2,8,8,18,12,5,0,15,4,6,10,13,17,14,3,2,13,6,12,20,6,4,7,12,10,14,4,9,8,21,13,9,6,24,4,8,12,4,12,0,8,6,8,5,9,11,5,19,9,5,5,7,16,7,12,6,5,16,10,7,11,3,1,11,4,6,9,10,25,8,0,12,12,16,6,9,8,13,7,13,4,22,34,6,6,12,11,13,20,28,1,16,4,11,13,16,11,12,11,4,10,1,11,6,13,23,7,10,12,6,14,10,11,5,5,19,21,4,6,1,10,8,5,16,12,13,39,14,32,13,22,14,10,21,8,22,19,18,57,2,14,12,10,7,10,26,17,23,24,8,15,39,10,15,16,23,22,3,17
"C93",5,5,4,4,11,30,8,9,13,8,5,25,5,11,1,4,11,25,4,2,3,3,7,9,6,2,13,12,12,4,10,6,7,12,5,6,1,5,9,0,10,7,3,15,1,7,1,3,4,3,6,10,6,8,14,6,0,4,6,13,14,19,2,18,5,0,7,3,7,2,13,25,10,21,9,7,16,2,5,5,5,3,0,9,1,15,1,9,1,8,9,10,2,1,20,8,5,4,7,5,2,8,14,5,13,9,2,6,2,10,8,1,13,5,8,14,9,11,8,3,2,11,0,19,16,7,11,21,9,9,3,7,3,19,13,5,15,10,11,3,1,3,10,2,10,13,7,3,6,7,31,5,5,12,2,12,4,3,18,6,3,3,3,10,16,17,0,5,10,3,3,19,29,12,1,9,20,31,32,12,4,4,1,18,7,7,8,9,3,4,0,2,11,15,8,8,11,15,14,13,9,3,16,6,6,12,14,11,3,10,8,9,2,0,8,2,12,9,22,3,13,7,9,9,10,23,20,17,36,2,8,12,11,9,9,17,10,20,17,14,12,22,11,6,7,13,13,3,17
"C94",11,11,15,31,33,45,25,24,0,18,17,16,15,22,6,18,4,23,13,33,4,16,15,17,14,1,27,19,23,9,35,4,11,9,12,13,41,12,9,32,10,11,11,35,14,19,15,10,3,32,20,8,7,2,20,13,6,25,20,13,9,14,9,2,16,8,20,27,27,12,19,19,32,8,35,17,15,5,4,10,19,6,11,7,18,16,5,1,10,7,22,14,9,20,20,16,16,10,5,11,26,13,8,16,13,12,10,19,13,9,16,10,17,4,6,11,15,9,5,29,20,9,10,8,9,11,21,17,19,15,20,16,17,17,13,0,10,21,11,1,32,5,11,7,25,15,13,28,9,5,24,10,3,14,8,15,16,3,12,12,3,8,20,8,11,12,19,14,22,19,8,26,21,14,16,20,18,46,25,29,10,20,10,7,29,4,11,7,26,3,9,16,7,22,20,24,23,11,16,10,18,9,27,16,10,8,28,3,21,11,9,14,7,19,29,3,48,19,50,19,38,27,27,46,7,40,34,31,48,4,12,16,36,17,19,44,24,38,16,8,37,37,42,29,4,25,17,7,22
"C95",7,12,12,7,6,12,5,6,7,10,3,9,7,10,4,5,1,4,14,0,9,4,10,3,3,8,2,4,10,8,7,14,2,9,3,3,2,15,2,19,10,9,3,8,0,0,0,5,0,13,0,4,7,4,6,13,4,3,1,3,1,18,0,0,0,3,9,1,7,5,8,8,1,10,11,7,10,0,6,5,15,4,0,3,4,3,9,4,12,17,0,4,3,7,10,2,2,11,2,0,10,5,6,3,17,0,0,7,3,1,17,3,9,11,14,3,8,3,7,3,7,1,0,1,2,6,2,11,4,7,8,10,2,5,2,3,7,13,0,0,0,2,0,3,1,9,0,5,9,1,6,5,4,9,1,4,2,2,10,6,1,1,19,10,9,6,3,6,10,4,9,4,5,5,1,1,11,12,9,11,7,3,4,8,6,6,13,4,0,1,6,4,2,32,3,6,15,3,3,4,3,7,10,5,5,5,3,6,3,4,5,4,4,9,6,4,21,12,15,7,10,14,11,18,4,19,12,14,11,6,23,5,10,7,9,26,9,22,11,1,14,22,11,5,7,8,29,1,7
"C96",16,1,15,6,2,36,10,14,7,14,9,3,11,4,11,5,12,6,8,12,8,10,1,12,13,4,8,9,5,9,11,31,12,19,9,0,12,1,3,5,0,15,3,21,4,9,9,6,3,5,25,6,1,4,16,5,18,8,1,7,6,14,12,11,11,1,7,15,7,34,18,9,9,11,5,0,13,8,5,7,8,5,15,3,1,8,12,11,7,1,15,4,4,11,15,5,8,8,7,5,7,3,4,3,13,7,24,4,4,0,21,12,5,26,5,0,1,13,12,1,8,5,9,14,5,5,8,8,12,14,6,9,3,1,11,6,1,31,3,9,3,7,12,16,6,16,3,14,3,2,33,2,3,6,17,6,8,12,11,7,4,7,13,13,10,0,3,11,18,8,13,4,8,1,12,6,18,23,3,9,3,4,11,9,9,13,16,13,4,13,0,8,13,33,10,4,4,5,4,15,10,11,9,11,12,10,5,8,13,11,7,5,6,14,10,2,40,10,27,6,19,9,7,14,5,23,26,24,26,2,11,5,13,7,5,36,38,29,11,2,23,22,17,17,7,21,13,15,24
"C97",5,9,19,10,36,45,16,24,13,21,30,10,11,8,9,9,7,20,14,26,36,19,21,17,27,11,3,5,10,11,28,31,15,19,9,2,19,16,22,5,9,19,13,17,4,11,34,17,2,9,4,2,10,17,10,13,12,14,18,9,10,22,21,22,33,11,11,9,18,13,13,18,15,12,16,3,13,10,5,11,10,9,9,6,5,25,3,11,19,11,6,14,22,5,13,22,9,3,3,8,7,2,17,14,16,11,11,19,28,21,34,17,10,26,10,13,18,21,20,16,18,30,13,13,7,9,14,12,43,9,21,22,2,13,11,9,9,10,9,6,4,20,2,32,4,4,7,15,11,18,17,22,4,9,21,14,11,6,25,10,2,6,18,32,5,32,17,23,25,4,14,31,12,10,13,11,13,18,16,15,9,17,8,23,17,27,18,7,11,12,10,4,14,15,1,3,15,14,9,31,14,20,26,15,27,33,10,12,19,17,28,28,6,12,16,8,67,14,39,12,34,19,14,34,15,30,28,27,55,8,19,16,20,28,7,53,16,37,35,6,31,49,21,22,16,21,24,3,25
"C98",9,13,15,0,13,34,9,18,21,13,12,13,2,1,8,1,7,0,7,5,9,0,6,7,0,2,11,8,8,7,7,9,1,8,7,1,7,3,6,10,4,11,3,17,7,14,10,0,1,17,3,0,0,7,3,6,5,1,9,15,5,4,0,9,4,3,11,2,5,3,15,2,4,3,14,2,8,8,2,4,7,10,15,1,7,2,3,3,4,20,8,9,10,6,7,3,19,9,0,14,6,6,14,0,10,2,2,7,3,7,7,5,1,9,23,9,0,25,2,4,7,5,10,9,8,14,24,2,6,5,2,3,9,13,5,16,1,9,5,4,5,3,5,2,1,4,0,10,4,29,11,5,10,3,9,9,0,2,11,0,11,0,6,7,12,0,5,12,10,3,17,7,7,14,0,0,2,23,27,11,13,1,1,10,17,25,1,10,1,0,7,1,3,7,13,10,5,8,6,12,3,10,13,0,1,11,11,3,11,3,4,6,12,2,15,12,32,10,38,9,20,16,3,22,12,29,24,13,53,1,17,19,39,16,8,35,20,29,18,8,22,38,14,12,7,23,20,1,21
"C99",17,12,11,9,26,37,8,19,7,10,11,11,19,8,10,4,11,15,25,28,11,31,23,22,6,7,17,18,17,14,23,15,6,15,13,7,20,11,18,14,5,48,6,23,8,16,21,22,13,14,7,11,11,7,19,29,17,5,14,32,15,13,12,18,16,8,8,21,23,20,15,10,13,10,22,11,12,0,13,11,8,4,8,16,5,16,26,4,13,30,0,19,21,23,14,16,19,7,15,3,14,11,16,10,31,15,3,14,17,15,11,8,19,11,12,34,13,20,18,11,13,12,4,24,18,7,14,8,12,12,10,26,20,13,10,14,7,14,25,15,23,17,16,6,5,8,9,23,19,19,23,10,18,14,7,16,1,10,16,6,11,3,7,18,12,17,10,18,12,24,11,25,10,11,15,13,15,18,20,25,17,12,7,9,23,20,15,2,7,4,4,19,13,22,18,26,8,8,16,21,11,10,30,2,11,28,22,5,23,9,18,9,17,19,23,6,43,18,61,7,31,17,9,27,15,30,36,21,53,5,18,13,21,15,7,39,18,47,29,7,39,38,28,23,6,30,36,2,36
"C100",11,3,12,23,29,40,21,35,8,17,17,24,14,11,17,25,17,28,10,14,31,13,11,22,21,13,23,20,28,31,46,37,20,36,16,16,29,26,7,19,16,27,12,25,12,26,29,18,9,23,17,4,19,8,29,12,9,6,21,14,16,35,11,22,16,21,26,14,26,20,17,24,20,19,29,11,19,10,10,19,19,16,33,13,14,16,23,10,11,24,11,10,7,32,18,13,15,19,12,4,35,25,31,33,26,28,22,20,17,19,31,20,34,26,17,27,9,29,9,16,30,24,19,28,24,33,16,1,36,24,10,28,26,14,20,13,2,24,10,2,24,19,12,18,8,26,23,29,10,6,46,4,14,24,6,14,6,24,14,12,19,8,26,21,15,17,21,23,15,13,14,47,13,15,13,18,13,42,14,8,16,35,22,13,32,15,19,5,13,9,23,14,23,19,20,25,9,20,16,11,19,13,16,26,23,19,17,19,21,23,26,10,7,30,21,3,66,17,52,21,37,23,13,35,11,42,42,26,73,2,33,35,70,38,10,47,35,44,32,18,34,50,29,28,18,40,37,7,33
"C101",9,14,20,21,18,65,12,25,4,15,21,12,8,4,16,10,4,23,9,23,24,15,23,11,16,7,6,9,17,24,31,20,13,20,5,2,13,14,12,26,15,13,8,42,11,11,16,18,13,17,18,8,8,19,18,18,7,5,22,6,9,12,12,22,19,11,15,13,21,23,9,24,12,11,16,11,17,12,10,8,11,9,21,11,5,10,12,7,11,16,0,11,10,8,20,9,10,10,13,1,25,24,21,10,17,12,8,29,13,29,13,21,23,7,8,17,18,8,15,29,13,39,6,24,10,10,8,14,40,5,18,15,22,10,2,9,16,4,16,4,12,6,14,20,22,32,6,7,11,4,15,12,5,16,5,8,7,11,5,19,2,7,9,3,6,9,5,1,19,7,8,19,21,13,4,29,13,21,23,9,15,12,18,11,18,4,15,19,17,15,0,9,21,40,25,15,11,6,11,17,14,11,18,20,10,9,15,12,20,1,7,14,9,20,18,7,45,18,41,8,29,34,18,37,12,42,36,29,49,8,16,17,23,21,19,39,25,48,26,30,36,27,29,27,9,31,30,8,25
"C102",3,12,9,11,14,30,5,21,3,17,39,13,20,13,21,19,20,12,15,15,16,14,8,15,11,12,18,8,14,8,34,27,4,16,6,9,7,14,23,23,6,12,10,25,8,17,19,15,8,18,21,5,14,18,7,20,18,6,13,8,8,17,20,10,33,4,9,9,28,11,14,22,19,15,10,3,23,6,12,14,13,8,6,17,18,16,7,16,18,7,3,7,16,9,10,16,2,10,12,17,24,10,13,8,12,14,13,9,3,4,10,4,33,6,17,7,13,16,11,9,5,13,24,9,3,16,14,19,34,15,12,8,16,7,13,10,14,11,9,11,13,26,18,8,12,8,6,26,1,8,22,13,0,4,13,11,3,13,18,7,12,12,16,13,6,4,8,16,6,17,8,36,13,3,7,12,13,33,26,16,17,0,10,3,15,15,13,17,25,23,4,8,31,20,6,8,18,5,3,28,10,8,21,20,14,22,17,23,19,2,4,37,14,23,18,3,58,17,55,9,23,19,15,22,8,19,26,20,52,6,20,16,33,33,13,39,10,31,31,9,31,29,24,24,4,23,24,6,25
"C103",8,7,6,9,14,20,11,27,8,12,14,7,4,16,9,6,6,7,28,4,3,7,13,6,7,3,2,1,36,6,7,20,4,15,14,2,11,14,8,14,11,19,8,13,10,9,5,18,1,8,9,5,14,6,4,9,2,19,7,16,13,8,7,6,6,9,8,7,10,2,12,26,6,15,13,6,10,7,14,11,9,7,20,13,0,8,11,4,8,25,7,6,3,3,7,6,10,17,14,8,14,7,6,14,12,4,3,8,1,7,13,0,1,17,11,6,14,19,12,21,18,9,1,14,0,5,20,1,26,12,19,11,15,4,6,3,1,13,11,3,11,12,2,11,8,9,2,19,9,5,15,5,7,17,1,9,2,3,12,9,3,8,15,18,2,15,28,4,13,7,19,7,5,5,18,30,23,5,5,6,13,11,13,7,11,6,12,6,12,9,3,16,16,14,0,19,16,5,15,13,6,13,16,2,2,6,6,5,14,4,6,13,15,21,6,7,45,15,29,11,22,15,11,20,7,34,23,24,22,0,6,3,15,4,14,37,22,37,18,4,30,23,21,16,11,12,11,4,15
"C104",17,27,10,21,21,67,14,33,12,10,18,42,9,11,17,18,29,22,13,30,25,7,18,24,19,7,8,10,32,25,46,59,9,44,16,17,16,14,21,18,20,28,12,21,12,12,37,21,8,17,8,26,11,11,34,34,20,17,27,48,7,35,20,19,17,12,17,26,24,20,30,30,22,26,24,16,19,13,11,21,21,18,30,3,14,24,8,17,7,20,15,16,19,18,14,13,33,15,15,8,23,14,41,16,29,20,15,30,29,24,28,20,14,26,11,17,16,27,9,35,16,26,29,26,17,29,25,11,26,10,17,27,21,34,22,17,8,37,7,12,28,21,15,12,27,19,13,27,16,14,60,12,20,24,13,21,14,31,37,20,7,18,18,32,30,20,14,18,23,43,18,44,23,22,21,22,6,31,46,39,38,15,13,26,34,21,36,25,8,4,9,2,32,31,37,23,33,20,16,31,35,11,13,5,16,10,26,7,26,13,22,32,20,28,47,8,91,33,81,29,46,41,11,47,17,64,58,49,94,17,37,41,62,53,29,68,41,60,40,6,43,79,41,39,30,48,57,1,39
"C105",10,4,21,6,4,28,16,3,16,1,20,6,17,3,8,18,6,6,13,13,15,3,16,19,6,11,9,15,11,8,9,35,3,3,14,8,2,41,10,14,2,15,18,18,4,13,13,4,17,10,5,29,15,6,13,11,9,3,5,7,9,12,2,5,12,1,9,0,4,28,10,23,8,11,10,16,17,10,12,13,11,14,0,1,5,2,7,5,3,14,5,1,2,20,13,4,22,1,0,0,7,9,11,6,6,16,17,10,3,3,13,1,14,13,26,8,22,15,13,18,9,18,2,4,9,25,15,11,19,8,5,15,7,8,7,5,6,1,15,0,5,8,5,7,6,12,13,9,1,8,24,3,2,31,13,13,3,15,8,1,11,1,23,10,9,5,5,12,19,0,12,13,3,3,6,7,7,43,20,20,15,3,16,6,17,14,5,3,5,6,13,3,30,26,15,10,9,2,4,8,5,12,10,16,11,15,21,19,14,9,6,11,10,16,19,2,39,11,11,11,30,33,8,12,9,35,22,14,33,15,48,14,24,15,7,29,19,20,26,26,24,36,17,17,14,20,40,11,18
"C106",25,7,26,21,17,99,6,27,18,8,36,7,15,13,12,14,10,21,17,34,23,16,19,9,42,7,14,24,14,25,33,19,14,33,21,7,10,11,14,18,8,24,16,42,24,22,13,12,6,16,32,16,6,15,29,24,28,6,31,6,11,24,25,17,11,14,7,38,10,4,18,11,22,20,28,6,20,1,10,35,4,10,18,10,16,19,3,14,12,23,16,8,22,28,17,16,5,16,7,4,14,4,28,21,32,14,12,11,9,14,10,6,15,19,4,18,11,13,22,20,15,18,11,40,13,15,18,13,24,10,6,23,22,20,25,22,18,24,10,10,11,10,10,9,18,17,12,25,31,18,47,10,25,19,13,17,10,17,14,9,10,19,14,21,21,9,15,15,13,22,9,48,38,12,12,24,4,15,20,5,35,20,16,18,14,9,21,18,10,14,24,11,27,37,9,26,15,10,12,19,18,9,7,22,11,19,11,25,31,11,24,23,7,30,17,3,67,23,47,11,43,32,19,25,19,45,38,20,83,6,19,5,16,14,13,65,13,49,27,9,40,49,29,17,17,23,32,27,37
"C107",14,6,13,7,15,58,1,16,3,16,19,18,3,5,18,11,5,6,5,20,12,11,17,6,4,3,12,1,19,11,21,7,1,18,8,8,9,16,12,10,6,12,15,14,13,13,14,9,12,7,5,11,8,4,4,13,23,16,25,4,4,11,10,9,6,5,19,4,14,6,13,7,18,15,7,3,11,5,0,10,9,8,5,5,1,11,4,3,9,20,5,24,4,5,10,17,3,8,3,7,12,9,14,14,13,6,16,13,3,2,5,17,12,4,8,19,11,11,14,32,4,10,10,10,7,8,6,7,14,13,3,6,23,8,6,5,9,16,3,3,9,2,10,5,16,13,14,31,18,4,22,6,19,10,7,7,7,11,15,0,12,7,8,22,7,16,18,13,14,11,10,9,14,5,2,14,7,21,27,14,1,5,1,10,3,7,6,6,6,7,6,4,15,6,6,12,16,4,4,12,2,8,15,18,10,12,5,8,14,13,17,13,1,9,12,1,30,4,33,9,24,24,8,17,5,28,19,14,45,5,18,18,29,16,13,22,20,21,23,17,11,24,13,14,11,23,22,4,15
"C108",10,10,11,20,13,62,10,19,17,25,15,18,13,8,9,7,7,9,5,12,10,24,14,13,21,16,22,29,12,5,54,13,19,24,6,5,17,12,10,1,7,14,19,20,2,19,8,14,15,19,24,5,8,18,24,26,17,10,33,9,8,29,6,11,24,11,10,22,34,7,11,17,24,24,15,9,16,12,5,5,13,11,14,9,6,12,18,5,4,15,4,16,9,8,9,7,19,20,1,9,40,3,29,10,25,24,9,16,5,19,30,7,13,14,10,21,1,22,6,12,12,21,14,3,31,14,11,0,43,38,5,12,7,20,12,10,16,7,16,12,4,12,17,14,29,13,26,19,13,15,52,10,2,26,14,14,12,6,6,12,7,16,25,16,5,6,11,7,35,16,8,21,6,15,22,9,14,39,6,15,10,20,5,11,10,13,43,14,1,9,26,6,24,29,14,10,19,10,7,36,26,2,15,2,15,21,8,1,34,12,9,22,9,19,21,2,59,16,31,11,32,27,6,24,4,38,42,17,63,12,45,24,43,33,11,37,21,44,19,10,28,41,26,21,13,23,39,8,34
"C109",4,2,25,17,21,33,15,14,0,7,0,11,7,3,7,23,7,5,0,23,21,9,3,0,12,1,6,17,3,4,22,11,7,9,17,16,18,14,20,16,10,7,8,10,4,6,4,5,11,20,15,5,0,18,13,12,7,11,25,10,3,11,5,14,12,0,11,19,19,10,11,18,4,18,20,1,13,11,2,7,8,8,3,10,10,13,6,1,3,12,6,12,3,8,8,5,6,10,6,12,6,11,0,6,11,15,11,5,14,8,5,10,31,5,7,1,1,11,5,13,3,10,16,19,7,7,12,1,12,11,9,9,4,11,6,8,0,19,7,14,10,19,3,4,4,18,8,18,7,15,11,15,15,14,7,13,8,2,0,0,3,14,14,12,8,14,13,13,13,6,5,8,11,10,17,15,19,17,10,21,15,1,2,5,15,5,9,11,12,3,11,6,13,0,7,3,8,16,10,8,10,11,15,4,15,5,7,7,17,5,25,9,2,4,16,2,40,8,37,9,20,17,8,19,7,35,29,18,28,11,21,6,32,16,12,20,21,26,18,7,33,33,13,11,6,16,30,5,14
"C110",26,23,1,14,36,71,16,44,43,18,34,15,4,17,23,8,10,19,22,11,34,33,28,26,1,2,5,7,14,20,24,27,10,37,12,8,14,5,10,23,12,48,12,11,20,17,14,5,6,25,15,10,8,35,45,21,14,11,20,25,8,15,10,23,18,9,28,5,10,16,28,11,2,12,17,17,21,17,19,14,20,14,21,1,18,10,31,17,9,32,24,16,13,11,14,16,21,37,0,17,20,8,23,8,26,11,4,14,14,27,13,6,13,12,20,12,10,34,5,35,20,9,9,12,20,13,12,10,13,18,17,9,14,18,13,3,10,32,15,3,10,8,2,14,19,15,8,5,19,29,20,8,33,19,6,11,3,11,17,11,9,11,21,15,10,12,24,24,9,18,19,17,21,20,14,17,14,11,42,35,22,21,19,38,16,39,23,12,17,21,24,17,10,29,29,13,12,3,16,19,22,23,20,15,11,17,8,7,40,8,17,28,25,20,44,7,89,28,89,39,67,54,23,68,26,64,73,37,139,23,43,56,82,54,33,83,49,78,67,0,36,91,37,42,21,65,62,2,46
"C111",6,16,10,11,25,42,16,22,13,19,21,16,10,14,14,11,3,1,9,18,9,31,10,26,17,4,15,12,14,4,14,20,8,22,9,6,14,41,13,10,1,18,21,9,2,19,10,10,23,14,11,17,9,14,10,13,5,12,7,23,6,20,9,17,16,11,14,15,9,11,15,14,8,10,8,17,11,7,7,6,11,8,21,5,11,2,11,4,10,37,9,14,25,8,21,13,21,24,4,7,30,20,19,11,23,23,11,18,9,36,17,6,21,19,22,14,6,16,19,27,11,23,5,15,3,9,9,7,22,4,6,22,13,19,18,10,14,13,10,7,9,6,7,3,3,33,11,20,7,26,14,8,4,20,6,32,0,11,9,12,7,15,17,9,13,12,10,14,23,47,16,5,23,10,2,13,13,21,11,12,4,7,13,17,26,6,11,10,2,22,22,4,33,10,13,17,21,4,14,25,6,0,13,15,10,5,17,20,12,19,17,6,5,17,21,23,45,22,44,12,28,21,16,34,15,42,38,21,44,18,16,31,31,17,15,42,14,42,29,38,23,25,15,18,14,31,33,8,26
"C112",18,6,9,13,31,67,27,19,15,16,8,22,11,14,15,9,10,25,13,29,15,31,18,9,12,6,13,4,14,12,28,37,14,21,9,9,10,26,6,21,14,11,11,27,7,17,15,6,13,10,11,7,18,9,35,15,16,0,46,12,16,19,5,30,13,5,11,12,21,10,8,16,11,14,26,12,17,12,14,1,15,20,10,13,13,14,17,17,17,21,8,6,16,6,16,2,2,5,6,10,14,4,28,21,31,18,18,22,3,8,14,16,7,27,23,36,14,26,18,10,8,12,10,42,17,3,6,5,19,11,8,30,23,21,5,8,20,13,9,7,6,5,9,9,28,7,28,17,20,6,21,3,9,36,26,2,10,6,15,10,8,14,14,14,13,10,9,12,21,12,24,26,27,28,21,15,27,42,41,24,15,10,16,8,22,12,24,13,18,16,8,11,24,14,17,14,37,17,18,25,4,6,12,16,17,11,10,11,14,22,25,10,17,9,23,4,63,23,60,12,35,20,16,28,14,51,47,16,94,9,20,9,22,13,18,43,28,38,36,13,25,42,27,20,20,25,46,14,26
"C113",18,7,23,8,19,44,19,24,20,11,17,14,5,2,13,5,14,12,5,18,19,7,5,18,22,14,17,16,9,7,31,6,12,17,4,7,9,9,5,6,6,17,5,22,10,17,12,4,5,21,5,16,26,7,21,18,13,7,28,6,18,13,7,17,16,6,6,19,25,5,19,10,16,2,9,6,14,12,13,18,14,23,16,2,10,12,38,3,5,15,4,13,7,2,18,18,12,1,2,9,26,6,6,14,30,20,10,14,0,10,3,9,10,30,13,14,8,19,12,21,12,9,14,17,15,19,11,7,15,1,3,12,15,15,11,11,16,26,19,5,14,9,5,22,24,11,6,47,11,23,11,16,6,15,8,36,10,13,9,6,8,8,19,22,14,6,19,7,31,29,9,28,24,12,5,28,11,27,21,27,15,10,3,17,18,14,33,3,25,2,7,2,17,14,11,14,23,26,27,30,6,2,26,8,3,20,12,6,1,6,12,2,16,19,22,1,45,18,46,8,26,22,9,25,9,26,33,14,60,6,17,23,32,18,6,40,19,30,11,21,20,32,11,14,8,27,24,9,29
"C114",21,11,2,13,7,18,7,4,2,6,6,9,3,12,15,5,12,8,11,27,15,21,1,6,6,6,12,7,21,11,30,12,8,10,5,8,11,10,10,12,9,9,7,11,5,12,10,5,3,8,14,20,4,8,13,6,15,11,3,2,18,16,3,6,6,10,7,12,8,11,13,11,0,11,27,6,9,4,7,3,6,7,7,14,10,6,14,1,8,4,2,2,11,13,1,8,6,12,5,1,11,3,9,2,19,1,2,5,11,9,13,2,7,8,12,14,4,13,1,18,14,24,10,13,4,10,21,12,3,8,3,9,7,10,5,8,2,5,3,3,5,9,1,8,11,18,10,13,2,0,31,14,2,13,2,13,3,13,8,3,7,13,7,12,2,4,3,4,10,3,9,14,6,8,1,4,16,17,9,19,10,9,6,5,9,9,3,1,6,10,1,0,13,7,11,10,3,7,14,12,6,1,28,12,11,8,2,20,23,10,5,5,2,6,11,0,27,16,32,7,22,21,9,18,5,45,23,20,35,7,9,15,19,17,8,17,13,30,17,11,28,29,12,18,8,15,23,3,22
"C115",4,6,6,3,24,50,16,13,2,10,9,0,1,12,3,13,12,7,6,8,13,15,6,5,10,2,9,13,0,5,16,11,13,18,0,1,4,14,18,19,2,15,6,12,2,8,10,1,7,5,23,15,10,2,12,10,12,3,12,6,6,0,8,11,9,8,4,4,1,6,14,19,2,7,5,11,5,9,7,1,1,5,2,7,5,6,5,10,12,20,0,8,6,6,12,5,2,10,8,3,8,9,10,1,9,11,5,1,11,7,2,11,15,12,1,12,6,12,5,11,5,17,4,6,5,5,5,2,11,10,3,15,12,14,5,7,7,1,7,3,0,16,5,5,9,10,14,11,15,3,18,9,9,6,7,4,6,8,8,10,0,9,0,7,5,13,10,4,12,12,4,5,4,5,2,17,23,22,6,18,3,8,2,4,7,4,5,4,1,5,2,6,8,15,10,17,6,14,5,13,12,0,6,7,3,7,6,5,13,7,20,10,4,12,9,0,35,7,28,3,16,18,11,16,4,21,19,15,28,5,15,10,15,10,7,28,7,25,26,12,21,18,12,11,6,8,13,2,21
"C116",26,15,11,11,21,43,15,20,11,20,17,7,10,24,19,23,15,23,14,0,24,27,6,4,23,9,8,4,11,13,35,19,18,14,26,24,18,7,12,28,3,6,4,15,7,6,12,18,7,17,28,15,11,7,7,23,9,19,24,11,17,24,12,7,9,7,7,14,20,47,10,15,5,31,17,13,15,26,3,7,17,9,13,10,6,5,14,6,4,13,12,9,21,27,15,23,9,16,7,20,29,8,12,19,18,19,4,13,20,26,13,14,18,17,6,11,13,16,10,12,19,23,10,14,14,18,5,10,26,22,13,30,7,16,14,10,25,5,21,13,12,7,10,9,19,10,10,25,13,5,20,14,12,30,18,34,7,10,7,8,9,13,19,16,6,10,19,11,19,19,4,31,13,7,11,12,11,18,9,22,8,8,9,7,3,15,17,16,19,10,9,1,16,17,20,1,8,9,17,15,24,9,18,7,11,18,32,7,21,16,29,8,12,14,15,0,28,19,45,8,19,21,20,18,13,35,29,23,41,13,22,14,34,37,7,43,46,43,22,11,25,46,23,17,12,19,23,10,24
"C117",23,12,22,15,40,36,20,20,17,23,26,37,9,21,20,33,22,25,20,15,19,27,12,20,37,14,22,18,27,17,30,36,22,13,16,1,20,18,17,32,22,32,14,25,3,37,26,4,15,23,37,9,28,24,37,42,29,25,19,9,9,18,23,26,30,23,19,27,46,20,36,18,13,23,19,9,13,17,7,19,29,14,26,8,7,19,11,9,21,20,17,36,20,21,28,16,25,7,7,20,38,22,37,27,49,9,12,31,14,31,24,12,15,11,3,42,21,27,7,17,8,34,18,15,24,12,12,8,38,28,19,21,12,25,26,14,12,37,17,15,13,15,1,13,19,18,13,45,13,37,27,22,27,15,12,31,9,13,7,13,9,8,21,23,5,25,35,22,31,23,16,36,12,20,16,28,11,27,30,22,18,22,13,11,39,6,29,12,19,23,12,14,21,21,34,7,12,20,22,22,22,19,16,26,14,20,12,6,18,10,11,10,23,35,45,61,81,27,64,23,38,42,18,43,21,55,54,52,87,12,29,48,56,36,26,59,31,61,30,10,43,67,48,30,16,47,31,9,45
"C118",14,5,5,7,38,65,8,25,23,22,24,13,5,11,6,10,9,3,15,14,20,20,5,13,15,3,11,0,6,25,17,16,17,21,13,6,34,5,21,27,7,14,3,34,16,6,8,28,7,12,14,7,17,8,13,18,9,10,22,5,13,22,12,5,16,2,3,20,20,22,13,20,4,10,10,4,17,2,7,4,13,3,8,12,3,21,6,1,6,17,16,13,9,6,14,2,25,18,6,9,23,12,7,15,14,5,23,18,17,13,5,8,14,21,17,14,7,21,20,43,19,13,5,18,1,25,7,6,13,7,19,9,13,8,8,7,1,8,16,4,30,20,14,21,9,17,6,8,2,11,13,11,22,18,7,14,3,7,6,8,1,14,12,9,0,5,10,22,12,11,11,22,25,1,8,14,9,14,27,20,4,13,3,16,15,43,10,5,13,6,6,5,19,6,14,19,11,20,5,14,4,12,26,5,5,9,8,8,13,6,8,15,6,10,27,2,57,25,38,12,24,23,16,29,12,41,35,30,43,11,29,25,44,23,13,41,17,27,23,35,31,46,18,16,10,20,28,6,23
"C119",11,17,8,10,14,45,17,33,6,12,9,9,3,9,8,16,16,20,13,5,12,20,9,13,3,16,8,7,15,21,17,22,8,9,4,4,17,9,8,11,4,30,19,19,3,12,19,8,3,16,7,4,18,2,25,8,9,12,14,12,8,18,18,12,36,13,8,3,11,7,3,7,15,18,13,8,18,2,13,13,14,9,13,15,0,13,3,11,5,16,8,9,8,6,6,18,5,3,9,8,17,2,5,18,19,3,15,2,4,5,17,9,5,18,7,14,1,9,7,7,9,16,8,3,1,12,12,8,12,13,4,13,14,1,15,18,0,9,10,8,13,8,11,6,5,4,14,9,1,7,33,10,8,4,1,12,4,3,1,7,6,15,9,20,2,4,20,10,21,8,9,15,16,12,8,19,6,23,24,15,10,12,3,18,12,10,7,14,15,15,17,2,21,15,12,4,1,13,15,5,10,15,7,2,14,8,8,19,7,8,9,6,10,3,14,1,22,15,31,9,23,19,6,22,9,31,23,10,42,12,20,18,30,14,11,25,13,18,16,15,17,29,15,26,5,23,28,12,18
"C120",26,8,15,24,21,29,17,31,18,13,29,29,16,6,17,15,8,11,20,30,21,15,22,20,35,10,10,3,10,12,30,20,11,18,4,7,22,19,21,44,15,25,24,12,29,10,30,6,19,15,29,10,25,18,35,31,10,20,11,9,14,26,17,17,10,19,14,21,16,33,18,32,20,7,16,5,12,5,20,23,14,5,24,8,7,10,15,16,6,23,9,8,17,5,11,20,18,18,11,9,16,8,23,7,15,10,4,9,24,22,22,19,18,19,21,23,9,26,16,26,18,15,15,18,10,6,11,11,29,12,16,18,23,16,17,15,20,10,19,8,16,13,20,27,7,9,13,29,14,18,14,11,4,18,21,15,9,15,10,11,8,12,22,22,13,15,25,15,17,10,14,34,22,11,11,23,26,42,24,28,21,8,8,15,14,10,12,8,15,8,19,16,11,24,14,10,12,15,18,27,15,13,19,14,24,17,3,5,10,24,33,2,7,20,26,3,60,21,47,10,42,26,15,23,14,40,45,34,52,9,32,26,43,31,13,32,12,36,17,13,24,50,33,19,19,45,24,5,35
"C121",3,7,9,13,17,20,5,12,7,19,8,10,4,8,7,11,7,6,2,14,12,10,6,4,6,0,4,1,17,16,23,1,10,12,5,9,7,15,11,2,0,4,1,15,2,12,10,7,10,7,23,5,5,1,0,11,0,8,3,10,9,10,13,1,0,7,7,12,12,11,7,7,1,23,18,8,10,0,2,3,12,11,9,12,1,6,2,2,12,5,4,2,5,10,5,2,7,21,5,4,10,2,13,12,9,15,6,4,3,4,13,13,10,2,4,10,2,11,4,16,8,8,2,11,5,15,4,4,15,3,11,1,14,0,11,6,8,7,3,4,9,1,3,11,4,8,2,11,0,5,12,8,7,12,9,12,3,14,2,2,7,5,5,8,1,6,13,14,9,6,5,12,3,2,13,8,14,11,10,9,11,5,6,14,5,13,3,0,1,4,4,2,10,10,3,16,9,8,1,3,2,0,1,1,4,0,2,6,14,10,5,6,9,12,5,4,29,9,14,6,13,12,7,19,1,24,19,25,22,3,9,12,15,16,3,18,6,10,18,21,20,11,18,7,4,13,7,6,9
"C122",17,3,19,5,20,53,15,29,4,10,27,13,5,10,12,16,11,6,16,7,7,3,11,15,25,0,14,4,12,21,38,19,12,18,3,9,11,9,27,10,19,18,3,25,9,30,8,0,11,3,9,4,3,20,27,10,1,15,9,12,2,3,8,12,23,12,5,35,12,12,13,8,8,4,6,6,21,0,18,10,24,14,12,6,3,5,13,1,8,26,8,12,12,0,8,7,15,12,4,17,8,7,21,16,32,3,4,9,17,10,30,16,13,13,32,2,12,8,14,13,4,5,9,17,18,8,10,16,7,4,12,13,10,1,8,14,16,14,7,6,8,4,5,4,7,14,15,2,5,8,18,0,15,8,6,8,6,17,12,9,7,12,11,5,15,4,12,10,8,15,12,18,16,12,11,3,15,19,25,20,7,14,5,7,5,2,16,4,1,13,10,13,7,9,17,19,16,23,13,20,14,6,18,3,17,18,8,9,6,11,5,21,17,27,23,5,43,16,51,14,28,23,11,28,13,43,40,23,54,10,25,27,24,22,18,29,22,37,18,3,23,32,23,15,9,27,32,3,28
"C123",32,23,22,25,53,90,24,55,20,31,27,24,37,14,31,21,4,26,43,39,28,42,35,45,19,29,21,22,33,27,62,45,27,24,40,22,42,30,32,36,23,34,27,28,26,18,33,14,23,27,36,23,26,24,32,43,17,35,22,32,28,46,14,41,23,19,27,33,24,15,34,54,20,37,59,13,33,12,23,16,38,33,45,25,11,29,20,28,34,32,34,32,39,29,21,29,19,30,14,21,41,23,38,53,40,31,22,27,50,35,28,20,21,37,9,34,27,30,28,52,48,34,31,45,19,26,40,29,53,25,47,45,25,51,34,31,20,27,16,18,37,27,16,34,35,36,23,22,33,18,51,17,10,28,26,19,26,26,20,11,17,31,33,26,24,21,46,31,33,29,32,22,60,29,27,27,27,47,46,35,36,24,22,25,35,24,56,25,27,20,15,54,39,45,33,10,31,28,15,22,54,29,37,25,33,32,39,18,34,19,33,14,19,39,73,9,128,35,98,31,68,44,29,61,27,87,85,44,122,26,59,44,80,64,26,76,40,91,61,24,62,89,52,45,31,54,34,7,65
"C124",26,6,8,22,24,35,28,25,8,17,16,14,7,15,19,7,8,22,20,15,13,4,17,14,9,3,15,11,28,3,22,8,10,6,18,3,7,10,15,13,12,17,19,34,19,24,14,16,9,10,17,11,8,4,12,13,7,13,11,14,11,14,9,23,8,5,16,6,16,5,9,9,16,11,14,5,9,4,10,11,22,9,23,10,14,16,19,8,21,36,5,6,18,19,11,3,18,13,18,25,18,7,12,22,6,12,11,12,13,15,13,22,8,19,15,7,7,10,9,18,11,19,19,30,6,16,33,21,38,18,9,25,20,23,11,12,4,15,9,18,7,14,7,8,17,16,12,18,17,17,19,11,12,11,14,10,18,10,3,13,8,12,1,14,27,14,21,26,16,16,24,24,4,4,16,9,9,9,29,6,17,13,8,24,14,35,11,7,4,16,19,5,14,29,16,13,10,3,24,15,15,24,6,6,5,13,22,10,10,1,27,1,5,14,22,22,67,16,43,11,21,34,20,33,22,43,34,36,66,7,27,24,49,28,16,47,16,37,32,2,36,47,31,19,14,23,29,1,23
"C125",1,10,3,1,2,21,9,2,12,22,3,8,4,13,3,0,4,8,7,17,7,21,2,9,4,5,10,3,7,8,24,18,6,15,6,0,1,9,6,10,9,3,2,6,10,11,5,8,10,6,10,0,5,6,2,8,3,0,13,1,11,4,8,17,2,0,14,4,12,9,11,9,7,7,14,4,7,15,0,4,2,5,8,8,5,6,4,1,9,5,10,0,9,2,8,1,6,6,5,7,13,7,10,3,21,8,4,16,1,0,0,7,1,2,7,0,3,1,3,0,14,10,8,6,8,9,1,3,2,0,4,2,19,13,5,3,4,4,2,6,9,6,4,1,3,17,9,13,2,16,11,4,0,9,3,4,5,4,9,13,9,4,30,5,16,13,1,2,13,5,5,2,4,10,7,13,10,10,19,7,10,6,19,12,9,4,19,1,0,5,0,7,6,9,1,7,10,3,9,9,7,3,18,2,6,14,5,9,6,4,6,1,6,26,1,1,13,3,12,6,10,12,6,10,2,9,10,4,14,0,10,12,15,9,1,6,13,30,9,14,7,11,5,5,4,9,5,4,12
"C126",25,10,10,23,21,29,14,25,23,14,14,13,2,6,14,11,9,21,12,25,12,16,5,15,11,24,18,11,22,29,34,43,12,34,18,10,8,25,2,36,11,13,5,25,4,44,18,10,17,19,29,31,22,8,26,10,25,10,20,20,34,22,23,7,29,7,14,25,12,10,22,9,16,11,44,8,21,18,9,19,14,13,21,13,11,13,8,10,19,10,20,23,19,5,14,6,20,28,13,7,46,21,13,10,20,13,19,11,25,17,36,25,25,21,25,37,13,18,15,23,8,16,19,16,14,13,6,8,30,22,22,14,13,17,13,5,7,17,17,15,18,12,5,20,22,16,17,9,8,11,35,10,6,12,8,18,7,16,10,15,14,10,13,20,14,21,23,33,19,20,15,34,31,6,7,17,19,13,56,24,44,8,5,23,44,27,11,12,7,8,30,32,5,32,13,7,23,35,16,2,14,10,40,24,2,18,13,28,33,14,10,23,18,16,46,4,84,15,47,12,37,38,24,52,13,48,52,29,62,11,35,30,42,50,11,42,22,49,46,1,40,42,40,40,11,35,37,1,43
"C127",13,8,10,22,34,62,5,23,14,3,27,20,13,10,4,18,11,8,16,19,24,10,16,5,21,5,14,5,20,11,16,16,0,10,28,11,29,13,3,19,2,21,2,4,11,12,19,9,6,27,31,14,8,10,41,9,3,12,23,1,6,9,3,9,18,4,9,9,19,5,13,6,9,28,3,6,25,14,6,5,5,5,10,2,5,4,4,12,14,36,10,8,8,19,11,7,10,20,5,5,15,15,13,12,29,11,1,18,12,9,7,9,23,22,9,10,13,6,12,10,10,17,15,16,17,13,13,18,18,18,13,10,12,18,10,13,2,24,13,9,18,12,16,1,15,14,11,14,6,6,18,8,19,10,7,21,25,1,10,20,3,5,6,13,13,5,8,16,33,19,6,40,18,13,4,10,15,13,27,20,10,11,6,15,7,8,14,9,1,10,18,11,28,16,17,16,19,16,6,15,14,9,17,16,12,14,17,10,20,2,24,11,20,15,27,1,41,14,35,9,28,22,14,37,9,33,25,19,67,11,24,16,34,18,18,34,18,29,18,9,30,40,27,14,5,31,21,2,23
"C128",8,15,15,17,25,69,22,24,10,14,36,22,12,3,6,19,12,20,9,24,10,29,8,7,6,19,11,5,19,18,25,26,3,26,15,2,1,1,12,17,5,23,21,14,6,9,13,15,9,9,12,8,25,22,21,38,8,11,26,9,21,14,25,18,13,14,8,4,32,5,30,7,29,17,15,8,12,4,26,7,19,7,12,9,3,15,18,7,22,13,20,13,22,4,31,9,14,13,8,21,16,32,15,13,18,22,23,4,4,14,13,7,20,12,4,16,10,24,10,27,23,17,20,26,15,18,19,4,16,15,6,12,10,25,6,7,7,17,9,9,12,16,20,12,8,24,11,19,13,29,18,4,13,19,3,10,5,8,5,14,7,28,14,29,16,6,9,5,20,20,9,40,33,10,12,19,17,18,26,30,9,8,25,41,9,24,18,27,8,3,14,1,9,20,20,17,12,18,18,13,15,6,20,9,10,28,24,10,18,14,18,10,5,21,31,5,52,15,48,8,26,24,21,28,11,38,39,12,62,9,23,24,40,42,14,36,15,33,24,22,24,57,21,20,16,24,31,4,29
"C129",32,10,18,24,14,69,23,33,19,25,23,15,5,19,18,23,13,22,20,22,27,18,24,16,22,15,8,21,35,16,48,36,19,27,0,14,25,13,11,40,13,10,11,33,6,20,21,20,11,27,18,9,15,8,44,18,11,18,35,8,3,38,16,20,15,17,13,37,20,16,16,12,17,28,23,13,24,13,17,20,20,27,20,11,5,18,14,19,12,26,11,13,9,9,9,4,20,30,18,21,30,14,15,28,14,17,13,27,17,15,21,8,21,16,13,15,24,29,24,31,27,22,11,18,15,7,22,10,25,5,20,17,15,20,6,13,15,21,16,6,22,8,14,6,10,25,22,12,28,19,34,21,14,24,16,17,7,13,24,7,13,12,14,25,16,19,17,25,13,31,19,30,21,13,13,19,18,27,41,11,18,22,10,27,15,16,15,14,18,7,17,14,14,20,15,15,9,9,22,19,16,16,11,6,21,19,15,20,30,35,16,8,7,6,32,4,63,14,47,14,28,28,12,18,9,59,37,24,89,4,36,27,60,16,18,41,10,48,25,28,39,57,26,14,15,41,29,8,32
"C130",12,13,4,7,32,46,2,15,6,18,5,18,8,8,17,1,0,24,15,12,8,8,14,14,30,8,2,8,7,9,36,15,5,14,10,5,14,7,6,20,7,18,12,11,3,2,11,1,4,10,21,7,13,9,18,4,1,5,16,2,8,11,5,5,10,5,11,3,10,8,6,10,2,5,1,11,13,3,5,8,13,5,6,4,5,17,4,5,3,30,2,2,7,6,9,9,3,6,1,11,11,12,15,6,13,13,12,7,5,10,3,0,11,10,7,1,10,13,7,10,12,29,8,11,3,6,12,13,16,16,8,3,6,11,12,10,9,8,17,14,4,15,8,18,14,18,11,21,2,0,7,1,9,8,8,4,1,0,10,7,4,2,10,19,4,7,3,13,13,8,3,7,26,5,11,18,15,4,16,13,21,5,8,8,1,5,5,5,1,5,1,1,3,2,14,19,13,3,9,16,15,6,20,5,8,12,7,8,20,9,7,5,4,4,14,4,41,11,24,3,22,19,11,14,6,17,19,12,29,7,23,14,22,27,2,24,11,34,15,7,29,28,15,11,9,14,14,0,13
"C131",1,0,0,2,10,2,0,5,2,1,12,0,0,0,4,4,0,3,1,0,6,0,3,4,1,0,0,4,9,5,3,8,0,2,0,0,0,7,0,0,5,2,0,0,6,4,0,1,3,12,4,6,5,7,1,0,6,0,8,0,5,0,1,0,7,7,0,0,0,7,11,4,1,0,6,1,10,0,0,4,5,2,6,2,0,4,11,0,9,6,1,1,3,2,2,1,0,2,0,3,2,0,3,1,0,0,4,0,0,2,6,4,1,5,7,0,4,5,0,3,8,1,4,0,0,0,1,0,2,8,4,0,3,3,2,0,7,4,0,0,6,6,0,4,4,4,12,0,4,0,0,5,4,3,3,3,0,1,0,2,0,0,2,0,0,1,6,10,0,2,0,4,5,0,0,4,4,0,6,4,0,0,5,2,1,1,5,0,0,3,1,1,7,8,0,0,6,0,6,0,6,0,0,0,0,7,3,3,7,0,0,0,3,5,2,7,12,3,11,6,9,12,4,10,3,8,13,15,7,1,9,3,9,6,5,17,6,8,6,2,4,12,11,9,1,6,5,3,6
